route_id,user_id,name,description,created_at,grade,type,is_variation,nna,dim_mask,max_repeat,prec_trunc,transient,rx,ry,rz,vx,vy,vz,is_public
73,27,El Chupacabra 2,"Like, who set it, and where, and what for and how hard it is and what''s the general style, etc.
",2010-01-20 13:11:57.606068,5.8,Bouldering,f,B,011,0,0,100,0.0,0.0,0.0,0.0,0.0,0.0,t
74,27,"Variation on 72,73",,2010-01-20 13:12:03.593585,,,t,B,101,1,0,0,-13.0,-12.0,52.0,-16.0,-12.0,52.0,t
149,39,El Chupacabra,"Like, who set it, and where, and what for and how hard it is and what''s the general style, etc.
",2010-01-22 10:51:59.472685,V6,Bouldering,f,B,011,0,0,100,0.0,0.0,0.0,0.0,0.0,0.0,t
332,106,El crimpy,"Like, who set it, and where, and what for and how hard it is and what''s the general style, etc.
",2010-02-03 15:22:25.839702,5.10,Sport,f,B,011,0,0,100,0.0,0.0,0.0,0.0,0.0,0.0,t
79,28,n23,"jug to roof with cross off the second move.
",2010-01-20 14:32:12.768641,V2,Bouldering,f,B,011,0,0,100,0.0,0.0,0.0,0.0,0.0,0.0,t
80,28,Variation on 79,,2010-01-20 14:32:34.964797,,,t,B,101,1,0,0,-13.0,-12.0,52.0,-16.0,-12.0,52.0,t
81,29,The Boobies,"

",2010-01-20 14:57:44.241231,V2,Bouldering,f,B,011,0,0,100,0.0,0.0,0.0,0.0,0.0,0.0,t
156,39,5.12b,"Like, who set it, and where, and what for and how hard it is and what''s the general style, etc.
",2010-01-22 11:33:11.815905,5.12b,Sport,f,B,011,0,0,100,0.0,0.0,0.0,0.0,0.0,0.0,t
157,39,Variation on 156,,2010-01-22 11:33:31.955344,,,t,B,101,1,0,0,-13.0,-12.0,52.0,-16.0,-12.0,52.0,t
158,39,Variation on 156,,2010-01-22 11:34:59.475981,,,t,B,101,1,0,0,-19.0,-12.0,56.0,-16.0,-12.0,52.0,t
163,45,Variation on 160,,2010-01-22 18:52:57.443684,,,t,B,101,1,0,0,-13.0,-12.0,52.0,-16.0,-12.0,52.0,t
90,30,El Chupacabra,"Like, who set it, and where, and what for and how hard it is and what''s the general style, etc.
",2010-01-20 17:06:07.499196,5.10,Sport,f,B,011,0,0,100,0.0,0.0,0.0,0.0,0.0,0.0,t
160,45,freaker,ps set and is hard,2010-01-22 18:47:30.49721,5.11,Bouldering,f,B,011,0,0,100,0.0,0.0,0.0,0.0,0.0,0.0,t
161,45,homespank,"Like, who set it, and where, and what for and how hard it is and what''s the general style, etc.
",2010-01-22 18:49:39.14332,V6,Bouldering,f,B,011,0,0,100,0.0,0.0,0.0,0.0,0.0,0.0,t
94,31,Boulder Problem,"Like, who set it, and where, and what for and how hard it is and what''''s the general style, etc.

",2010-01-20 19:05:00.684725,V6,Bouldering,f,B,011,0,0,100,0.0,0.0,0.0,0.0,0.0,0.0,t
164,46,El Chupacabra,"Like, who set it, and where, and what for and how hard it is and what''s the general style, etc.
",2010-01-22 20:51:34.132171,5.12,Sport,f,B,011,0,0,100,0.0,0.0,0.0,0.0,0.0,0.0,t
165,46,Variation on 164,,2010-01-22 20:52:15.608778,,,t,B,101,2,0,0,-13.0,-12.0,52.0,-16.0,-12.0,52.0,t
166,46,Variation on 164,,2010-01-22 20:53:08.311242,,,t,B,101,0,0,100,-13.0,-12.0,52.0,-16.0,-13.5,52.0,t
167,46,Variation on 165,,2010-01-22 20:53:21.884368,,,t,B,101,0,0,100,-13.0,-12.0,52.0,-16.0,-13.5,52.0,t
168,46,Variation on 164,,2010-01-22 20:53:50.581551,,,t,B,101,1,0,0,-13.0,-12.0,52.0,-16.0,-12.0,52.0,t
169,47,El Chupacabra,"Like, who set it, and where, and what for and how hard it is and what''s the general style, etc.
",2010-01-22 23:31:08.354164,5.10,Sport,f,B,011,0,0,100,0.0,0.0,0.0,0.0,0.0,0.0,t
170,48,b1,"Like, who set it, and where, and what for and how hard it is and what''s the general style, etc.
",2010-01-23 10:28:55.529908,v4,Bouldering,f,B,011,0,0,100,0.0,0.0,0.0,0.0,0.0,0.0,t
171,48,Variation on 170,,2010-01-23 10:29:03.503474,,,t,B,101,1,0,0,-13.0,-12.0,52.0,-16.0,-12.0,52.0,t
115,34,1,"Like, who set it, and where, and what for and how hard it is and what''s the general style, etc.
",2010-01-21 09:07:28.195093,V4,Bouldering,f,B,011,0,0,100,0.0,0.0,0.0,0.0,0.0,0.0,t
116,34,Variation on 115,,2010-01-21 09:07:39.287121,,,t,B,101,1,0,0,-13.0,-12.0,52.0,-16.0,-12.0,52.0,t
117,34,Variation on 115,,2010-01-21 09:07:39.608024,,,t,B,101,1,0,0,-13.0,-12.0,52.0,-16.0,-12.0,52.0,t
118,34,"Variation on 115,116,117",,2010-01-21 09:08:52.460744,,,t,B,111,2,0,0,-13.0,-12.0,52.0,-16.0,-12.0,52.0,t
119,34,"Variation on 115,116,117",,2010-01-21 09:08:52.86788,,,t,B,111,2,0,0,-13.0,-12.0,52.0,-16.0,-12.0,52.0,t
120,34,"Variation on 115,116,117",,2010-01-21 09:09:17.243119,,,t,B,111,0,0,0,-13.0,-12.0,52.0,-16.0,-12.0,52.0,t
121,34,"Variation on 115,116,117",,2010-01-21 09:09:17.650315,,,t,B,111,0,0,0,-13.0,-12.0,52.0,-16.0,-12.0,52.0,t
122,34,"Variation on 115,116,117",,2010-01-21 09:09:30.65787,,,t,B,111,0,0,0,-13.0,-12.0,52.0,-16.0,-12.0,52.0,t
123,34,"Variation on 115,116,117",,2010-01-21 09:09:31.098091,,,t,B,111,0,0,0,-13.0,-12.0,52.0,-16.0,-12.0,52.0,t
124,35,Zulu,"Like, who set it, and where, and what for and how hard it is and what''s the general style, etc.
",2010-01-21 13:17:57.39576,V8,Bouldering,f,B,011,0,0,100,0.0,0.0,0.0,0.0,0.0,0.0,t
125,36,El Chupacabra,"Like, who set it, and where, and what for and how hard it is and what''s the general style, etc.
",2010-01-21 15:14:26.414121,5.10,Sport,f,B,011,0,0,100,0.0,0.0,0.0,0.0,0.0,0.0,t
126,36,Variation on 125,,2010-01-21 15:15:04.742659,,,t,B,101,0,0,100,-13.0,-12.0,52.0,-16.0,-13.5,52.0,t
127,36,Variation on 125,,2010-01-21 15:15:11.0509,,,t,B,101,0,0,100,-13.0,-12.0,52.0,-16.0,-13.5,52.0,t
128,36,"Variation on 125,126",,2010-01-21 15:16:06.872229,,,t,B,101,1,0,0,-13.0,-12.0,52.0,-16.0,-12.0,52.0,t
129,36,"Variation on 125,126",,2010-01-21 15:16:09.662286,,,t,B,101,1,0,0,-13.0,-12.0,52.0,-16.0,-12.0,52.0,t
130,36,"Variation on 125,126",,2010-01-21 15:16:23.513944,,,t,B,101,1,0,0,-13.0,-12.0,52.0,-16.0,-12.0,52.0,t
131,36,"Variation on 125,126",,2010-01-21 15:20:08.115564,,,t,B,101,0,0,100,-13.0,-12.0,52.0,-16.0,-13.5,52.0,t
132,36,"Variation on 125,126",,2010-01-21 15:20:09.725864,,,t,B,101,0,0,100,-13.0,-12.0,52.0,-16.0,-13.5,52.0,t
133,36,"Variation on 125,126",,2010-01-21 15:20:11.182642,,,t,B,101,0,0,100,-13.0,-12.0,52.0,-16.0,-13.5,52.0,t
134,36,"Variation on 125,129,130",,2010-01-21 15:20:43.041361,,,t,B,101,1,0,0,-13.0,-12.0,52.0,-16.0,-12.0,52.0,t
135,39,Yellow tape 60,"Evan Ramsey, 60 degree overhang. Big moves off deCent holds to campus moves.",2010-01-21 22:57:39.514864,V7,Bouldering,f,B,011,0,0,100,0.0,0.0,0.0,0.0,0.0,0.0,t
174,48,Variation on 170,,2010-01-23 10:31:44.358959,,,t,B,101,0,0,100,-13.0,-12.0,52.0,-16.0,-13.5,52.0,t
175,48,Variation on 170,,2010-01-23 10:32:01.44946,,,t,B,101,0,0,100,-13.0,-12.0,52.0,-16.0,-13.5,52.0,t
176,48,Variation on 170,,2010-01-23 10:32:17.79925,,,t,B,101,1,0,0,-13.0,-12.0,52.0,-16.0,-12.0,52.0,t
178,49,Variation on 177,,2010-01-23 12:32:59.421172,,,t,B,101,1,0,0,-13.0,-12.0,52.0,-16.0,-12.0,52.0,t
71,25,SicFaux,"A faux hawk that presents itself very well.

",2010-01-19 20:02:54.367815,v4,Bouldering,f,B,011,0,0,100,0.0,0.0,0.0,0.0,0.0,0.0,t
177,49,happy day,"Like, who set it, and where, and what for and how hard it is and what''''s the general style, etc.

",2010-01-23 12:32:39.324407,5.11,Bouldering,f,B,011,0,0,100,0.0,0.0,0.0,0.0,0.0,0.0,t
179,49,the killer,"Like, who set it, and where, and what for and how hard it is and what''''s the general style, etc.

",2010-01-23 12:38:43.901482,V4,Bouldering,f,B,011,0,0,100,0.0,0.0,0.0,0.0,0.0,0.0,t
180,49,Variation on 179,,2010-01-23 12:40:19.165749,,,t,B,101,-1,0,100,-13.0,-12.0,52.0,-16.0,-13.5,52.0,t
181,49,Variation on 179,,2010-01-23 12:41:07.444105,,,t,D,101,0,0,100,-13.0,-12.0,52.0,-16.0,-13.5,52.0,t
182,50,El Chupacabra,"Like, who set it, and where, and what for and how hard it is and what''s the general style, etc.
",2010-01-23 15:14:42.749481,5.10,Sport,f,B,011,0,0,100,0.0,0.0,0.0,0.0,0.0,0.0,t
329,106,El Chupacabra,"Craig Nelson, LLGYM, Bouldering,v3,Crimper.
",2010-02-03 15:13:35.045107,V3,Bouldering,f,B,011,0,0,100,0.0,0.0,0.0,0.0,0.0,0.0,t
337,106,Variation on 332,,2010-02-03 15:24:44.026705,,,t,B,101,1,0,0,-13.0,-12.0,52.0,-16.0,-12.0,52.0,t
188,58,V0 (1),"Green V0, Morgan Young, Easy, Jugs
",2010-01-25 14:39:53.057203,V0,Bouldering,f,B,011,0,0,100,0.0,0.0,0.0,0.0,0.0,0.0,t
194,60,El Chupacabra,"Like, who set it, and where, and what for and how hard it is and what''s the general style, etc.
",2010-01-25 19:31:18.514488,5.10,Sport,f,B,011,0,0,100,0.0,0.0,0.0,0.0,0.0,0.0,t
197,60,Variation on 194,,2010-01-25 19:41:45.271814,,,t,B,101,1,0,0,-13.0,-12.0,52.0,-16.0,-12.0,52.0,t
380,106,Elephant 11/V4,"slightly overhung
",2010-02-07 18:27:59.602193,5.10,Sport,f,B,011,0,0,100,0.0,0.0,0.0,0.0,0.0,0.0,t
198,60,Variation on 194,,2010-01-25 19:44:08.967071,,,t,B,101,1,0,0,-13.0,-12.0,52.0,-16.0,-12.0,52.0,t
199,60,"","Like, who set it, and where, and what for and how hard it is and what''s the general style, etc.
",2010-01-25 19:48:32.478863,5.10,Sport,f,B,011,0,0,100,0.0,0.0,0.0,0.0,0.0,0.0,t
200,60,Variation on 199,,2010-01-25 19:48:42.127828,,,t,B,101,1,0,0,-13.0,-12.0,52.0,-16.0,-12.0,52.0,t
201,60,Right is right,"


",2010-01-25 19:48:47.571583,5.11,Sport,t,B,101,1,0,0,-13.0,-12.0,52.0,-16.0,-12.0,52.0,t
203,60,Variation on 199,,2010-01-25 19:57:47.866872,,,t,B,101,1,0,0,-13.0,-12.0,52.0,-16.0,-12.0,52.0,t
204,60,"Variation on 197,199",,2010-01-25 19:57:58.199722,,,t,B,101,1,0,0,-13.0,-12.0,52.0,-16.0,-12.0,52.0,t
206,39,Variation on 205,,2010-01-27 10:09:24.812867,,,t,B,101,1,0,0,-13.0,-12.0,52.0,-16.0,-12.0,52.0,t
207,64,Classic Green,"A very popular moderate boulder problemat the University of Wyoming climbing wall.
Setter: Davin Bagdonas",2010-01-27 12:20:32.051069,5.12a,Bouldering,f,B,011,0,0,100,0.0,0.0,0.0,0.0,0.0,0.0,t
210,64,Variation on 207,,2010-01-27 12:23:16.63133,,,t,B,101,2,0,0,-13.0,-12.0,52.0,-16.0,-12.0,52.0,t
211,64,Classic Yellow,"Classic Yellow boulder problem at the University of Wyoming climbing wall.
Setter: Davin Bagdonas",2010-01-27 12:35:48.648719,5.11d,Bouldering,f,B,011,0,0,100,0.0,0.0,0.0,0.0,0.0,0.0,t
212,65,El Chupacabra,"Like, who set it, and where, and what for and how hard it is and what''s the general style, etc.
",2010-01-27 13:11:53.054102,5.10,Sport,f,B,011,0,0,100,0.0,0.0,0.0,0.0,0.0,0.0,t
221,65,plagued,"Like, who set it, and where, and what for and how hard it is and what''s the general style, etc.
",2010-01-27 13:15:46.600069,v4,Bouldering,f,B,011,0,0,100,0.0,0.0,0.0,0.0,0.0,0.0,t
224,64,Variation on 211,,2010-01-27 13:17:46.215303,,,t,B,101,1,0,0,-13.0,-12.0,52.0,-16.0,-12.0,52.0,t
225,64,Variation on 211,,2010-01-27 14:47:40.599173,,,t,B,100,-1,0,100,-13.0,-12.0,52.0,-16.0,-13.5,52.0,t
230,69,Chewbacca,"Bri, ASU Climbing Gym, 5.10d ish, set for the masses. ",2010-01-27 19:11:16.67051,5.10d,Sport,f,B,011,0,0,100,0.0,0.0,0.0,0.0,0.0,0.0,t
231,69,Variation on 230,,2010-01-27 19:11:41.269058,,,t,B,101,1,0,0,-13.0,-12.0,52.0,-16.0,-12.0,52.0,t
232,69,The Hobbit,"sweet climb at rock town, nice movement ",2010-01-27 19:14:54.151611,V5,Bouldering,f,B,011,0,0,100,0.0,0.0,0.0,0.0,0.0,0.0,t
233,69,Variation on 230,,2010-01-27 19:15:07.062766,,,t,B,101,1,0,0,-13.0,-12.0,52.0,-16.0,-12.0,52.0,t
234,69,Variation on 232,,2010-01-27 19:15:25.237596,,,t,B,101,1,0,0,-13.0,-12.0,52.0,-16.0,-12.0,52.0,t
235,69,Variation on 232,,2010-01-27 19:15:50.933108,,,t,B,101,1,0,0,-13.0,-12.0,52.0,-16.0,-12.0,52.0,t
236,69,Variation on 232,,2010-01-27 19:16:09.629822,,,t,B,101,0,0,100,-13.0,-12.0,52.0,-16.0,-13.5,52.0,t
237,73,Ring of Fire,"Like, who set it, and where, and what for and how hard it is and what''s the general style, etc.
Smith Rocks, Sport, 5.11d, Edges",2010-01-28 06:51:10.33049,5.11d,Sport,f,B,011,0,0,100,0.0,0.0,0.0,0.0,0.0,0.0,t
244,76,Variation on 243,,2010-01-28 20:00:26.665209,,,t,B,101,1,0,0,-13.0,-12.0,52.0,-16.0,-12.0,52.0,t
238,75,Pink Far Left,"Vertical face with arete on left side. Setter:AS

",2010-01-28 14:59:11.020038,5.10,Toprope,f,B,011,0,0,100,0.0,0.0,0.0,0.0,0.0,0.0,t
240,75,White on Right of column,"Set by Tim on slightly overhanging wall
",2010-01-28 15:11:50.387801,5.12,TR,f,B,011,0,0,100,0.0,0.0,0.0,0.0,0.0,0.0,t
241,75,"Variation on 238,240",,2010-01-28 15:12:29.361132,,,t,B,101,1,0,0,-13.0,-12.0,52.0,-16.0,-12.0,52.0,t
242,75,"Variation on 238,240",,2010-01-28 15:22:27.01353,,,t,B,101,1,0,0,-13.0,-12.0,52.0,-16.0,-12.0,52.0,t
243,76,El Chupacabra,"Like, who set it, and where, and what for and how hard it is and what''s the general style, etc.
",2010-01-28 20:00:11.027696,v4,Bouldering,f,B,011,0,0,100,0.0,0.0,0.0,0.0,0.0,0.0,t
245,79,El Chupacabra,"Like, who set it, and where, and what for and how hard it is and what''s the general style, etc.
",2010-01-29 17:51:54.410144,5.10,Bouldering,f,B,011,0,0,100,0.0,0.0,0.0,0.0,0.0,0.0,t
246,82,El Chupacabra,"Like, who set it, and where, and what for and how hard it is and what''s the general style, etc.
",2010-01-30 15:31:53.900359,5.10,Bouldering,f,B,011,0,0,100,0.0,0.0,0.0,0.0,0.0,0.0,t
247,82,Variation on 246,,2010-01-30 15:32:52.801446,,,t,B,101,1,0,0,-13.0,-12.0,52.0,-16.0,-12.0,52.0,t
226,67,The reach,"I set this route in my basement on a 30 degree 8ft*8ft wall with a roofwhich is 8ft*8ft.

All of these holds are from Nicros and I am not sure of there individual names.  I am going to work to find there names so it is easier to recreate.
",2010-01-27 16:58:27.37493,5.10,Bouldering,f,B,011,0,0,100,0.0,0.0,0.0,0.0,0.0,0.0,t
256,87,A,"
Traverse wall balancy",2010-01-30 20:21:45.396136,V4,Bouldering,f,B,011,0,0,100,0.0,0.0,0.0,0.0,0.0,0.0,t
205,39,Brown tape,"",2010-01-27 10:09:03.154425,5.10,Bouldering,f,B,011,0,0,100,0.0,0.0,0.0,0.0,0.0,0.0,t
261,90,El Chupacabra,"Like, who set it, and where, and what for and how hard it is and what''s the general style, etc.
",2010-01-31 15:18:38.968511,5.10,Sport,f,B,011,0,0,100,0.0,0.0,0.0,0.0,0.0,0.0,t
262,90,Variation on 261,,2010-01-31 15:19:55.827074,,,t,B,101,1,0,0,-13.0,-12.0,52.0,-16.0,-12.0,52.0,t
263,90,Variation on 261,,2010-01-31 15:19:56.597987,,,t,B,101,1,0,0,-13.0,-12.0,52.0,-16.0,-12.0,52.0,t
264,90,Variation on 261,,2010-01-31 15:21:51.189278,,,t,B,101,1,0,0,-13.0,-12.0,52.0,-16.0,-12.0,52.0,t
265,90,Variation on 261,,2010-01-31 15:22:13.229263,,,t,B,101,1,0,0,-13.0,-12.0,52.0,-16.0,-12.0,52.0,t
266,93,Soap on a rope,"Rocktown Ga. starts with a big move, heel hooks and crosses then a hard crimp to sloper. v4
",2010-01-31 15:54:42.072317,v4,Bouldering,f,B,011,0,0,100,0.0,0.0,0.0,0.0,0.0,0.0,t
268,93,Variation on 266,,2010-01-31 15:57:37.205905,,,t,B,101,1,0,0,-13.0,-12.0,52.0,-16.0,-12.0,52.0,t
269,93,Variation on 268,,2010-01-31 15:57:58.663604,,,t,B,101,1,0,0,-13.0,-12.0,52.0,-16.0,-12.0,52.0,t
270,94,Test Climb.,"Test Climb.
",2010-01-31 16:21:10.503697,v4,Bouldering,f,B,011,0,0,100,0.0,0.0,0.0,0.0,0.0,0.0,t
343,106,Variation on 332,,2010-02-03 15:26:09.802147,,,t,B,101,1,0,0,-13.0,-12.0,52.0,-16.0,-12.0,52.0,t
344,107,spudger,"Like, who set it, and where, and what for and how hard it is and what''s the general style, etc.
",2010-02-03 17:28:31.881694,5.10,Sport,f,B,011,0,0,100,0.0,0.0,0.0,0.0,0.0,0.0,t
381,106,Variation on 380,,2010-02-07 18:29:11.849617,,,t,B,101,1,0,0,-13.0,-12.0,52.0,-16.0,-12.0,52.0,t
345,107,Variation on 344,,2010-02-03 17:30:56.758624,,,t,B,101,1,0,0,-13.0,-12.0,52.0,-16.0,-12.0,52.0,t
275,94,Test 2,"Like, who set it, and where, and what for and how hard it is and what''''s the general style, etc.

",2010-01-31 16:31:16.771343,v4,Bouldering,f,B,011,0,0,100,0.0,0.0,0.0,0.0,0.0,0.0,t
283,94,Trap - Tan - 1/28/10,"",2010-01-31 16:46:07.081661,v3+,Bouldering,f,B,011,0,0,100,0.0,0.0,0.0,0.0,0.0,0.0,t
284,94,Cave - Tan - 1/28/10,"",2010-01-31 16:49:32.440215,v4-,Bouldering,f,B,011,0,0,100,0.0,0.0,0.0,0.0,0.0,0.0,t
285,94,Crack - Blue - 1/14/10,"
",2010-01-31 16:54:28.110808,5.11,TR,f,B,011,0,0,100,0.0,0.0,0.0,0.0,0.0,0.0,t
286,94,"Variation on 283,284,285",,2010-01-31 16:54:38.90502,,,t,B,101,1,0,0,-13.0,-12.0,52.0,-16.0,-12.0,52.0,t
287,94,Variation on 284,,2010-01-31 17:47:07.535096,,,t,B,101,0,0,100,-13.0,-12.0,52.0,-16.0,-13.5,52.0,t
288,94,Variation on 284,,2010-01-31 17:47:25.755399,,,t,B,101,1,0,100,-13.0,-12.0,52.0,-16.0,-13.5,52.0,t
289,94,Variation on 284,,2010-01-31 17:47:36.041134,,,t,B,111,1,0,100,-13.0,-12.0,52.0,-16.0,-13.5,52.0,t
290,96,Test Route,"Like, who set it, and where, and what for and how hard it is and what''s the general style, etc.
",2010-02-01 07:33:31.613789,v10,Bouldering,f,B,011,0,0,100,0.0,0.0,0.0,0.0,0.0,0.0,t
291,96,Variation on 290,,2010-02-01 07:33:54.35854,,,t,B,101,1,0,0,-13.0,-12.0,52.0,-16.0,-12.0,52.0,t
292,96,Variation on 290,,2010-02-01 07:34:24.498525,,,t,B,101,0,0,100,-13.0,-12.0,52.0,-16.0,-13.5,52.0,t
295,96,Variation on 290,,2010-02-01 07:35:05.527462,,,t,B,101,3,0,0,-13.0,-12.0,52.0,-16.0,-12.0,52.0,t
296,97,El Chupacabra,"Like, who set it, and where, and what for and how hard it is and what''s the general style, etc.
",2010-02-01 13:57:07.489236,V3,Bouldering,f,B,011,0,0,100,0.0,0.0,0.0,0.0,0.0,0.0,t
297,97,Variation on 296,,2010-02-01 13:57:47.566589,,,t,B,101,1,0,0,-13.0,-12.0,52.0,-16.0,-12.0,52.0,t
298,44,5.10 from 2/1/10,"Mid to hard 5.10. Vert to slight slab.
",2010-02-01 16:57:37.953876,5.10,Sport,f,B,011,0,0,100,0.0,0.0,0.0,0.0,0.0,0.0,t
299,67,Variation on 226,,2010-02-01 20:32:09.184264,,,t,B,101,1,0,0,-13.0,-12.0,52.0,-16.0,-12.0,52.0,t
301,67,The Reach part 2,I set this route in my basement on a 30 degree 8ft*8ft wall with a roofwhich is 8ft*8ft. All of these holds are from Nicros and I am not sure of there individual names. I am going to work to find there names so it is easier to recreate,2010-02-01 20:44:07.098324,v3,Bouldering,f,B,011,0,0,100,0.0,0.0,0.0,0.0,0.0,0.0,t
302,67,Variation on 301,,2010-02-01 20:44:31.657499,,,t,B,101,1,0,0,-13.0,-12.0,52.0,-16.0,-12.0,52.0,t
306,100,first,"attempt
",2010-02-01 20:58:59.967786,4,Bouldering,f,B,011,0,0,100,0.0,0.0,0.0,0.0,0.0,0.0,t
310,100,El Chupacabra,"Like, who set it, and where, and what for and how hard it is and what''s the general style, etc.
",2010-02-01 21:06:54.625967,5.10,Sport,f,B,011,0,0,100,0.0,0.0,0.0,0.0,0.0,0.0,t
312,100,El Chupacabra,"Like, who set it, and where, and what for and how hard it is and what''s the general style, etc.
",2010-02-01 21:10:00.121612,5.10,Sport,f,B,011,0,0,100,0.0,0.0,0.0,0.0,0.0,0.0,t
320,100,"Variation on 310,312",,2010-02-01 21:11:30.908463,,,t,B,101,1,0,0,-13.0,-12.0,52.0,-16.0,-12.0,52.0,t
321,100,"Variation on 310,312",,2010-02-01 21:11:45.947078,,,t,B,101,0,0,100,-13.0,-12.0,52.0,-16.0,-13.5,52.0,t
322,100,"Variation on 319,320,321",,2010-02-01 21:14:36.034662,,,t,B,101,1,0,0,-13.0,-12.0,52.0,-16.0,-12.0,52.0,t
323,100,"Variation on 310,319,321",,2010-02-01 21:15:07.681344,,,t,B,101,1,0,0,-13.0,-12.0,52.0,-16.0,-12.0,52.0,t
324,100,"Variation on 310,319,321",,2010-02-01 21:15:43.419825,,,t,B,101,1,0,0,-13.0,-12.0,52.0,-16.0,-12.0,52.0,t
325,102,The Hulk,"Set by Adam Griffin at Austin Peay State University climbing wall.
",2010-02-02 15:16:41.770737,5.11,Sport,f,B,011,0,0,100,0.0,0.0,0.0,0.0,0.0,0.0,t
396,109,Variation on 395,,2010-02-10 19:14:25.701219,,,t,B,101,1,0,0,-13.0,-12.0,52.0,-16.0,-12.0,52.0,t
352,109,Greg''s project,"Set by Greg home wall 40 degree overhang





",2010-02-04 09:44:34.683917,V4,Bouldering,f,B,011,0,0,100,0.0,0.0,0.0,0.0,0.0,0.0,t
403,136,Variation on 398,,2010-02-12 16:30:11.427304,,,t,B,101,1,0,0,-13.0,-12.0,52.0,-16.0,-12.0,52.0,t
410,1,"Variation on 5,375",,2010-02-15 13:15:22.501161,,,t,B,101,1,0,0,-13.0,-12.0,52.0,-16.0,-12.0,52.0,t
417,106,Variation on 414,,2010-02-19 15:59:25.586814,,,t,B,101,1,0,0,-13.0,-12.0,52.0,-16.0,-12.0,52.0,t
424,106,"Variation on 415,298",,2010-02-19 16:03:30.809514,,,t,B,101,1,0,0,-13.0,-12.0,52.0,-16.0,-12.0,52.0,t
437,106,Variation on 415,,2010-02-21 10:20:23.027922,,,t,B,101,1,0,0,-13.0,-12.0,52.0,-16.0,-12.0,52.0,t
330,106,Variation on 329,,2010-02-03 15:14:24.574423,,,t,B,101,1,0,0,-13.0,-12.0,52.0,-16.0,-12.0,52.0,t
334,106,"Variation on 332,329",,2010-02-03 15:23:37.513283,,,t,B,101,1,0,0,-13.0,-12.0,52.0,-16.0,-12.0,52.0,t
338,106,Variation on 329,,2010-02-03 15:25:22.445042,,,t,B,101,1,0,0,-13.0,-12.0,52.0,-16.0,-12.0,52.0,t
259,87,B,Lead Wall,2010-01-30 20:28:47.724854,V3,Bouldering,f,B,011,0,0,100,0.0,0.0,0.0,0.0,0.0,0.0,t
382,106,Variation on 380,,2010-02-07 18:29:39.059407,,,t,B,101,1,0,0,-13.0,-12.0,52.0,-16.0,-12.0,52.0,t
390,126,Variation on 290,,2010-02-09 09:38:46.120727,,,t,B,101,1,0,0,-13.0,-12.0,52.0,-16.0,-12.0,52.0,t
404,136,Variation on 398,,2010-02-12 16:30:19.104108,,,t,B,101,1,0,0,-13.0,-12.0,52.0,-16.0,-12.0,52.0,t
411,1,"Variation on 5,375",,2010-02-15 13:16:48.393449,,,t,B,101,1,0,0,-13.0,-12.0,52.0,-16.0,-12.0,52.0,t
418,106,Variation on 414,,2010-02-19 15:59:52.276128,,,t,B,101,1,0,0,-13.0,-12.0,52.0,-16.0,-12.0,52.0,t
425,106,"Variation on 415,298",,2010-02-19 16:03:48.719242,,,t,B,101,1,0,0,-13.0,-12.0,52.0,-16.0,-12.0,52.0,t
432,154,Variation on 149,,2010-02-19 21:57:23.971482,,,t,B,101,1,0,0,-13.0,-12.0,52.0,-16.0,-12.0,52.0,t
438,166,Variation on 73,,2010-02-21 21:03:31.164957,,,t,B,101,1,0,0,-13.0,-12.0,52.0,-16.0,-12.0,52.0,t
454,181,El Chupacabra,"Like, who set it, and where, and what for and how hard it is and what''s the general style, etc.
",2010-02-24 01:17:31.706349,5.10,Bouldering,f,B,011,0,0,100,0.0,0.0,0.0,0.0,0.0,0.0,t
464,179,Alaska 2,"Like, who set it, and where, and what for and how hard it is and what''s the general style, etc.
",2010-02-24 18:10:59.71969,V3,Bouldering,f,B,011,0,0,100,0.0,0.0,0.0,0.0,0.0,0.0,t
474,184,Variation on 473,,2010-02-26 08:46:52.589734,,,t,B,101,0,0,100,-13.0,-12.0,52.0,-16.0,-13.5,52.0,t
479,187,Variation on 79,,2010-03-01 10:26:45.595161,,,t,B,101,1,0,0,-13.0,-12.0,52.0,-16.0,-12.0,52.0,t
480,106,Variation on 415,,2010-03-04 16:01:17.906346,,,t,B,101,1,0,0,-13.0,-12.0,52.0,-16.0,-12.0,52.0,t
490,210,Variation on 487,,2010-03-24 21:23:00.661525,,,t,B,101,0,0,100,-13.0,-12.0,52.0,-16.0,-13.5,52.0,t
500,210,Variation on 487,,2010-03-27 16:51:30.659897,,,t,B,101,0,0,100,-13.0,-12.0,52.0,-16.0,-13.5,52.0,t
505,219,El Chupacabra,"Like, who set it, and where, and what for and how hard it is and what''s the general style, etc.
",2010-04-17 18:58:29.744502,5.10,Sport,f,B,011,0,0,100,0.0,0.0,0.0,0.0,0.0,0.0,t
530,106,Variation on 415,,2010-05-02 13:18:25.009467,,,t,B,101,1,0,0,-13.0,-12.0,52.0,-16.0,-12.0,52.0,t
535,106,Variation on 384,,2010-05-14 10:31:56.511567,,,t,B,101,1,0,0,-13.0,-12.0,52.0,-16.0,-12.0,52.0,t
1,1,BRC Route 1,5.10 on flat vertical wall with some arete moves in the start. Set by PM with green tape.,2009-11-16 17:06:14.403225,5.10,Sport,f,B,011,0,0,100,0.0,0.0,0.0,0.0,0.0,0.0,t
2,1,BRC Route 2,5.10 corner climb. slightly overhanging. set by Tony with purple tape.,2009-11-16 17:13:47.923759,5.10,Sport,f,B,011,0,0,100,0.0,0.0,0.0,0.0,0.0,0.0,t
331,106,Variation on 330,,2010-02-03 15:19:41.785654,,,t,B,101,1,0,0,-13.0,-12.0,52.0,-16.0,-12.0,52.0,t
4,1,Variation on BRC 5.10s,Variation on two nice 5.10 climbs at the BRC.,2009-11-16 17:16:02.816885,5.10,Sport,t,B,101,0,0,100,-13.0,-12.0,52.0,-16.0,-13.5,52.0,t
462,179,Variation on 458,,2010-02-24 17:57:13.705499,,,t,B,111,1,0,0,-13.0,-12.0,52.0,-10.0,-11.0,52.0,t
5,1,BRC Route 3,5.11. Slightly overhanging. Reachy & pumpy.,2009-11-16 20:32:44.998149,5.11,Sport,f,B,011,0,0,100,0.0,0.0,0.0,0.0,0.0,0.0,t
6,1,BRC Route 4,"5.11 set by PM. Flat, technical. White tape.

",2009-11-16 20:37:57.266213,5.11,Sport,f,B,011,0,0,100,0.0,0.0,0.0,0.0,0.0,0.0,t
335,106,"Variation on 332,329",,2010-02-03 15:23:40.529545,,,t,B,101,1,0,0,-13.0,-12.0,52.0,-16.0,-12.0,52.0,t
43,11,El Chupacabra,"Like, who set it, and where, and what for and how hard it is and what''s the general style, etc.
",2010-01-17 15:03:19.452055,5.12,Bouldering,f,B,011,0,0,100,0.0,0.0,0.0,0.0,0.0,0.0,t
44,11,Variation on 43,,2010-01-17 15:05:39.365561,,,t,B,101,1,0,0,-13.0,-12.0,52.0,-16.0,-12.0,52.0,t
45,13,Who Needs Hueco,"It''s at Lincoln Woods, RI. It''s fairly solid for the grade, most of the moves are lowball, but it tops out at around 12 feet. Meat of it is on a 70-80 degree overhang, the crux is a jump.
",2010-01-18 11:01:01.933997,v8,Bouldering,f,B,011,0,0,100,0.0,0.0,0.0,0.0,0.0,0.0,t
375,1,"Variation on 5,12,275",,2010-02-05 17:40:50.164158,,,t,B,101,1,0,0,-13.0,-12.0,52.0,-16.0,-12.0,52.0,t
10,1,Variation on BRC 5.11s,Variation on a thin/technical 5.11 and a reachy/pumpy 5.11. To make the most awesomest route evar.,2009-11-16 20:47:02.029918,5.11,Sport,t,B,101,0,0,100,-13.0,-12.0,52.0,-16.0,-13.5,52.0,t
391,126,Variation on 290,,2010-02-09 09:39:34.366556,,,t,B,101,1,0,0,-13.0,-12.0,52.0,-16.0,-12.0,52.0,t
398,136,Cherry Popper,"Rob Gagliardi, CT Rock Gym, Setter''s First Route",2010-02-12 16:27:08.3907,5.8,Toprope,f,B,011,0,0,100,0.0,0.0,0.0,0.0,0.0,0.0,t
405,136,Variation on 398,,2010-02-12 16:30:57.688149,,,t,D,101,1,0,0,-13.0,-12.0,52.0,-16.0,-12.0,52.0,t
412,146,Variation on 156,,2010-02-17 11:49:27.151907,,,t,B,101,1,0,0,-13.0,-12.0,52.0,-16.0,-12.0,52.0,t
419,106,Variation on 414,,2010-02-19 16:00:18.243906,,,t,B,101,1,0,0,-13.0,-12.0,52.0,-16.0,-12.0,52.0,t
426,106,Variation on 415,,2010-02-19 16:04:01.987676,,,t,B,101,1,0,0,-13.0,-12.0,52.0,-16.0,-12.0,52.0,t
433,154,Variation on 149,,2010-02-19 21:57:38.485031,,,t,B,101,1,0,0,-13.0,-12.0,52.0,-16.0,-12.0,52.0,t
439,166,"Variation on 73,50",,2010-02-21 21:03:42.020665,,,t,B,101,1,0,0,-13.0,-12.0,52.0,-16.0,-12.0,52.0,t
460,179,Variation on 458,,2010-02-24 17:51:53.756704,,,t,B,101,1,0,0,-13.0,-12.0,52.0,-16.0,-12.0,52.0,t
465,179,Variation on 464,,2010-02-24 18:11:16.004478,,,t,B,101,1,0,0,-13.0,-12.0,52.0,-16.0,-12.0,52.0,t
475,184,Variation on 473,,2010-02-26 08:48:14.860285,,,t,B,011,1,0,100,-13.0,-12.0,52.0,-16.0,-13.5,52.0,t
481,106,Variation on 415,,2010-03-04 16:01:35.418838,,,t,B,101,1,0,0,-13.0,-12.0,52.0,-16.0,-12.0,52.0,t
486,106,Variation on 415,,2010-03-21 16:34:48.895467,,,t,B,101,1,0,0,-13.0,-12.0,52.0,-16.0,-12.0,52.0,t
491,210,Variation on 487,,2010-03-24 21:23:24.409528,,,t,B,101,0,0,100,-13.0,-12.0,52.0,-16.0,-13.5,52.0,t
501,210,Variation on 487,,2010-03-27 16:51:54.056395,,,t,B,101,0,0,100,-13.0,-12.0,52.0,-16.0,-13.5,52.0,t
521,226,bp 1,"vert/slightly overhung start w/slab finish
RD-right diagonal 
LD-left diagonal
F-finger
Th-thumb
P-pad
w-with",2010-05-01 14:00:19.469978,v5,Bouldering,f,B,011,0,0,100,0.0,0.0,0.0,0.0,0.0,0.0,t
531,106,Variation on 415,,2010-05-02 13:21:01.350592,,,t,B,101,1,0,0,-13.0,-12.0,52.0,-16.0,-12.0,52.0,t
376,1,"Variation on 5,12,275",,2010-02-05 17:41:50.798475,,,t,B,101,1,0,0,-13.0,-12.0,52.0,-16.0,-12.0,52.0,t
384,106,The Squirel,"By Craig Nelson V3 Boulder
",2010-02-08 10:12:35.223859,v3,Bouldering,f,B,011,0,0,100,0.0,0.0,0.0,0.0,0.0,0.0,t
392,126,Variation on 81,,2010-02-09 09:39:45.894077,,,t,B,101,1,0,0,-13.0,-12.0,52.0,-16.0,-12.0,52.0,t
399,136,Variation on 398,,2010-02-12 16:28:46.533896,,,t,B,101,1,0,0,-13.0,-12.0,52.0,-16.0,-12.0,52.0,t
406,136,Variation on 398,,2010-02-12 16:31:12.083241,,,t,B,101,1,0,0,-13.0,-12.0,52.0,-16.0,-12.0,52.0,t
413,146,Variation on 412,,2010-02-17 11:49:48.817967,,,t,B,101,1,0,0,-13.0,-12.0,52.0,-16.0,-12.0,52.0,t
420,106,Variation on 414,,2010-02-19 16:00:55.326665,,,t,B,101,1,0,0,-13.0,-12.0,52.0,-16.0,-12.0,52.0,t
427,106,Variation on 415,,2010-02-19 16:04:12.657444,,,t,B,101,1,0,0,-13.0,-12.0,52.0,-16.0,-12.0,52.0,t
440,168,Real strange,Set by Chuck in the Maine Rock Gym. 5.8 sport lead linking to roof. Begining on vertical wall and continues onto progressively overhanging terrain.,2010-02-22 06:18:43.899721,5.8,Sport,f,B,011,0,0,100,0.0,0.0,0.0,0.0,0.0,0.0,t
446,171,staghorn,"Like, who set it, and where, and what for and how hard it is and what''s the general style, etc.
",2010-02-22 18:02:34.693211,5.12,Sport,f,B,011,0,0,100,0.0,0.0,0.0,0.0,0.0,0.0,t
451,172,El Chupacabra,"Like, who set it, and where, and what for and how hard it is and what''s the general style, etc.
",2010-02-23 06:27:55.676129,5.10,Sport,f,B,011,0,0,100,0.0,0.0,0.0,0.0,0.0,0.0,t
461,179,Variation on 458,,2010-02-24 17:55:22.003416,,,t,B,111,1,0,0,-13.0,-12.0,52.0,-16.0,-10.0,52.0,t
466,179,Variation on 464,,2010-02-24 18:12:29.143965,,,t,B,111,1,0,0,-13.0,-12.0,52.0,-9.3,-10.0,52.0,t
476,187,Variation on 79,,2010-03-01 10:26:37.392972,,,t,B,101,1,0,0,-13.0,-12.0,52.0,-16.0,-12.0,52.0,t
482,106,Variation on 415,,2010-03-04 16:03:01.633738,,,t,B,101,1,0,0,-13.0,-12.0,52.0,-16.0,-12.0,52.0,t
487,210,throw big,"from easy sit start, on a pretty gently overhanging wall (80 degrees?)",2010-03-24 21:14:58.922897,V3,Bouldering,f,B,011,0,0,100,0.0,0.0,0.0,0.0,0.0,0.0,t
492,210,Variation on 487,,2010-03-24 21:23:34.731413,,,t,B,101,1,0,0,-13.0,-12.0,52.0,-16.0,-12.0,52.0,t
497,210,Variation on 487,,2010-03-24 21:25:05.321754,,,t,B,101,0,0,100,-13.0,-12.0,52.0,-16.0,-13.5,52.0,t
502,210,Variation on 487,,2010-03-27 16:51:55.887876,,,t,B,101,0,0,100,-13.0,-12.0,52.0,-16.0,-13.5,52.0,t
377,115,I-Cling,"University of Montana Bouldering Cave, Unknown Setter, Best Recollection Of The Moves I can Muster.
",2010-02-06 20:40:39.643125,V3,Bouldering,f,B,011,0,0,100,0.0,0.0,0.0,0.0,0.0,0.0,t
385,106,Feelin'' Sharmy,"Fun little boulder problem
",2010-02-08 11:18:02.856802,5.10,Sport,f,B,011,0,0,100,0.0,0.0,0.0,0.0,0.0,0.0,t
393,126,Variation on 79,,2010-02-09 09:40:36.598244,,,t,B,101,1,0,0,-13.0,-12.0,52.0,-16.0,-12.0,52.0,t
400,136,Variation on 398,,2010-02-12 16:29:47.771305,,,t,B,101,0,0,100,-13.0,-12.0,52.0,-16.0,-13.5,52.0,t
407,138,El Chupacabra,"Like, who set it, and where, and what for and how hard it is and what''s the general style, etc.
",2010-02-13 19:07:26.211816,5.10,Sport,f,B,011,0,0,100,0.0,0.0,0.0,0.0,0.0,0.0,t
414,106,Scooby Smacks,"V4 boulder problem, Craig, Medium overhand, big holds. 
",2010-02-19 15:49:47.910391,5.10,Sport,f,B,011,0,0,100,0.0,0.0,0.0,0.0,0.0,0.0,t
421,106,Variation on 414,,2010-02-19 16:01:24.334105,,,t,B,101,1,0,0,-13.0,-12.0,52.0,-16.0,-12.0,52.0,t
428,147,El Chupacabra,"Like, who set it, and where, and what for and how hard it is and what''s the general style, etc.
",2010-02-19 16:53:03.227679,v3,Bouldering,f,B,011,0,0,100,0.0,0.0,0.0,0.0,0.0,0.0,t
435,106,Variation on 415,,2010-02-21 10:19:24.011797,,,t,B,101,1,0,0,-13.0,-12.0,52.0,-16.0,-12.0,52.0,t
452,179,El Chupacabra,"Like, who set it, and where, and what for and how hard it is and what''s the general style, etc.
",2010-02-23 22:58:30.593887,v7,Bouldering,f,B,011,0,0,100,0.0,0.0,0.0,0.0,0.0,0.0,t
467,179,Variation on 464,,2010-02-24 18:13:34.269484,,,t,B,111,1,0,0,-13.0,-12.0,52.0,-12.0,-13.0,50.0,t
477,187,Variation on 79,,2010-03-01 10:26:38.184686,,,t,B,101,1,0,0,-13.0,-12.0,52.0,-16.0,-12.0,52.0,t
483,106,Variation on 415,,2010-03-04 16:03:14.988175,,,t,B,101,1,0,0,-13.0,-12.0,52.0,-16.0,-12.0,52.0,t
488,210,Variation on 487,,2010-03-24 21:21:53.294105,,,t,B,101,1,0,0,-13.0,-12.0,52.0,-16.0,-12.0,52.0,t
493,210,Variation on 487,,2010-03-24 21:24:14.124344,,,t,B,101,1,0,0,-13.0,-12.0,52.0,-16.0,-12.0,52.0,t
498,210,Variation on 487,,2010-03-24 21:25:13.284551,,,t,B,101,0,0,100,-13.0,-12.0,52.0,-16.0,-13.5,52.0,t
503,210,Variation on 487,,2010-03-27 16:51:57.452556,,,t,B,101,1,0,0,-13.0,-12.0,52.0,-16.0,-12.0,52.0,t
533,230,El Chupacabra,"Like, who set it, and where, and what for and how hard it is and what''s the general style, etc.
",2010-05-06 05:23:38.797198,5.15,Bouldering,f,B,011,0,0,100,0.0,0.0,0.0,0.0,0.0,0.0,t
11,1,"Variation on 1,2,5,6",,2009-12-01 10:55:23.625164,,,t,B,101,1,0,0,-13.0,-12.0,52.0,-16.0,-12.0,52.0,t
378,115,Variation on 377,,2010-02-06 20:43:58.919779,,,t,B,101,1,0,0,-13.0,-12.0,52.0,-16.0,-12.0,52.0,t
394,126,Variation on 81,,2010-02-09 09:40:53.610189,,,t,B,101,1,0,0,-13.0,-12.0,52.0,-16.0,-12.0,52.0,t
401,136,Variation on 398,,2010-02-12 16:30:06.270119,,,t,B,101,1,0,0,-13.0,-12.0,52.0,-16.0,-12.0,52.0,t
408,139,green goo ,"Like, who set it, and where, and what for and how hard it is and what''''''''s the general style, etc.


",2010-02-13 19:34:19.187524,5.10,Sport,f,B,011,0,0,100,0.0,0.0,0.0,0.0,0.0,0.0,t
415,106,Golden Bears,"A delicious crimper, boulder problem. V2/3 is the difficulty.  Setter is Craig.  Lots of direction changes.  
",2010-02-19 15:55:25.595605,V2/3,Bouldering,f,B,011,0,0,100,0.0,0.0,0.0,0.0,0.0,0.0,t
422,106,Variation on 414,,2010-02-19 16:01:48.464659,,,t,B,101,1,0,0,-13.0,-12.0,52.0,-16.0,-12.0,52.0,t
429,147,Variation on 428,,2010-02-19 16:55:03.924621,,,t,B,101,0,0,100,-13.0,-12.0,52.0,-16.0,-13.5,52.0,t
436,106,Variation on 415,,2010-02-21 10:19:47.365825,,,t,B,101,1,0,0,-13.0,-12.0,52.0,-16.0,-12.0,52.0,t
448,171,Variation on 446,,2010-02-22 18:08:37.426715,,,t,B,101,1,0,0,-13.0,-12.0,52.0,-16.0,-12.0,52.0,t
453,179,Variation on 452,,2010-02-23 22:59:41.152356,,,t,B,101,1,0,0,-13.0,-12.0,52.0,-16.0,-12.0,52.0,t
458,179,Alaska,"Like, who set it, and where, and what for and how hard it is and what''s the general style, etc.
",2010-02-24 17:48:14.766176,V8,Bouldering,f,B,011,0,0,100,0.0,0.0,0.0,0.0,0.0,0.0,t
473,184,Spiderman,"
",2010-02-26 08:46:43.470565,5.10c,Sport,f,B,011,0,0,100,0.0,0.0,0.0,0.0,0.0,0.0,t
478,187,Variation on 79,,2010-03-01 10:26:45.282863,,,t,B,101,1,0,0,-13.0,-12.0,52.0,-16.0,-12.0,52.0,t
489,210,Variation on 487,,2010-03-24 21:22:47.045487,,,t,B,101,0,0,100,-13.0,-12.0,52.0,-16.0,-13.5,52.0,t
499,210,throw big,"from easy sit start, on a pretty gently overhanging wall (80 degrees?)",2010-03-27 16:51:20.711308,V3,Bouldering,f,B,011,0,0,100,0.0,0.0,0.0,0.0,0.0,0.0,t
529,106,Variation on 415,,2010-05-02 13:13:09.331616,,,t,B,101,1,0,0,-13.0,-12.0,52.0,-16.0,-12.0,52.0,t
534,106,Variation on 384,,2010-05-14 10:31:44.324114,,,t,B,101,1,0,0,-13.0,-12.0,52.0,-16.0,-12.0,52.0,t
12,1,"Variation on 1,2,5,6",,2009-12-01 10:56:27.346446,,,t,B,101,0,0,100,-13.0,-12.0,52.0,-16.0,-13.5,52.0,t
379,115,Variation on 377,,2010-02-06 20:45:36.727304,,,t,B,101,0,0,100,-13.0,-12.0,52.0,-16.0,-13.5,52.0,t
387,109,Variation on 367,,2010-02-08 19:30:20.379682,,,t,B,101,1,0,0,-13.0,-12.0,52.0,-16.0,-12.0,52.0,t
395,109,route 1,Home wall 40 degree overhang,2010-02-10 19:14:10.024582,v4,Bouldering,f,B,011,0,0,100,0.0,0.0,0.0,0.0,0.0,0.0,t
402,136,Variation on 398,,2010-02-12 16:30:09.698455,,,t,B,101,1,0,0,-13.0,-12.0,52.0,-16.0,-12.0,52.0,t
409,139,get some,"Like, who set it, and where, and what for and how hard it is and what''s the general style, etc.
",2010-02-13 19:43:00.839409,5.12a,Sport,f,B,011,0,0,100,0.0,0.0,0.0,0.0,0.0,0.0,t
416,106,Variation on 414,,2010-02-19 15:58:30.784779,,,t,B,101,1,0,0,-13.0,-12.0,52.0,-16.0,-12.0,52.0,t
423,106,"Variation on 414,285,5",,2010-02-19 16:02:26.501895,,,t,B,101,1,0,0,-13.0,-12.0,52.0,-16.0,-12.0,52.0,t
13,2,El Chupacabra,"Like, who set it, and where, and what for and how hard it is and what''s the general style, etc.
",2009-12-21 08:10:22.009218,5.11,Bouldering,f,B,011,0,0,100,0.0,0.0,0.0,0.0,0.0,0.0,t
14,2,Variation on 13,,2009-12-21 08:10:42.200151,,,t,B,101,1,0,0,-13.0,-12.0,52.0,-16.0,-12.0,52.0,t
15,2,Variation on 13,,2009-12-21 08:11:05.927098,,,t,D,101,1,0,0,-13.0,-12.0,52.0,-16.0,-12.0,52.0,t
16,3,El Chupacabra,"Like, who set it, and where, and what for and how hard it is and what''s the general style, etc.
",2010-01-14 14:42:29.164479,5.10,Sport,f,B,011,0,0,100,0.0,0.0,0.0,0.0,0.0,0.0,t
17,3,1,"Like, who set it, and where, and what for and how hard it is and what''s the general style, etc.
",2010-01-14 14:43:06.691088,5.10,Bouldering,f,B,011,0,0,100,0.0,0.0,0.0,0.0,0.0,0.0,t
25,3,1,"Like, who set it, and where, and what for and how hard it is and what''s the general style, etc.
",2010-01-14 14:44:27.160824,5.10,Sport,f,B,011,0,0,100,0.0,0.0,0.0,0.0,0.0,0.0,t
32,7,Test,asdlasdjf,2010-01-16 14:18:41.75819,5.8,Sport,f,B,011,0,0,100,0.0,0.0,0.0,0.0,0.0,0.0,t
33,7,Variation on 32,,2010-01-16 14:19:10.103519,,,t,B,101,1,0,0,-13.0,-12.0,52.0,-16.0,-12.0,52.0,t
34,8,El Chupacabra,"Like, who set it, and where, and what for and how hard it is and what''s the general style, etc.
",2010-01-16 15:33:47.122131,v5,Bouldering,f,B,011,0,0,100,0.0,0.0,0.0,0.0,0.0,0.0,t
35,8,Variation on 34,,2010-01-16 15:35:18.098983,,,t,B,101,1,0,0,-13.0,-12.0,52.0,-16.0,-12.0,52.0,t
36,8,Variation on 34,,2010-01-16 15:35:18.404875,,,t,B,101,1,0,0,-13.0,-12.0,52.0,-16.0,-12.0,52.0,t
37,8,Variation on 34,,2010-01-16 15:35:21.031613,,,t,B,101,1,0,0,-13.0,-12.0,52.0,-16.0,-12.0,52.0,t
38,8,Variation on 34,,2010-01-16 15:35:21.326226,,,t,B,101,1,0,0,-13.0,-12.0,52.0,-16.0,-12.0,52.0,t
46,14,El Chupacabra,"Like, who set it, and where, and what for and how hard it is and what''s the general style, etc.
",2010-01-18 12:19:00.326752,v5,Bouldering,f,B,011,0,0,100,0.0,0.0,0.0,0.0,0.0,0.0,t
47,14,bob,"roof, long",2010-01-18 12:24:32.287619,v7,Bouldering,f,B,011,0,0,100,0.0,0.0,0.0,0.0,0.0,0.0,t
48,14,45,compression arete,2010-01-18 12:26:35.644689,v8,Bouldering,f,B,011,0,0,100,0.0,0.0,0.0,0.0,0.0,0.0,t
49,14,planet x,"Like, who set it, and where, and what for and how hard it is and what''s the general style, etc.
",2010-01-18 12:28:44.173373,v6,Bouldering,f,B,011,0,0,100,0.0,0.0,0.0,0.0,0.0,0.0,t
367,109,Variation on 352,,2010-02-04 10:34:47.968832,,,t,B,101,1,0,0,-13.0,-12.0,52.0,-16.0,-12.0,52.0,t
371,44,V5 from 1/7/10,"Slight overhang
",2010-02-04 16:16:14.559598,V5,Bouldering,f,B,011,0,0,100,0.0,0.0,0.0,0.0,0.0,0.0,t
159,44,V3 from 12/31/09,"Basic problem to beta crux. Can be done at a variety of grades




",2010-01-22 17:41:59.491494,V3/4,Bouldering,f,B,011,0,0,100,0.0,0.0,0.0,0.0,0.0,0.0,t
372,44,V4 from 1/7/10,Slight overhang,2010-02-04 16:25:00.870968,V4,Bouldering,f,B,011,0,0,100,0.0,0.0,0.0,0.0,0.0,0.0,t
373,44,V0 from 1/7/10,"Vert
",2010-02-04 17:01:11.677258,V0,Bouldering,f,B,011,0,0,100,0.0,0.0,0.0,0.0,0.0,0.0,t
374,44,V4 from 1/21/10,"Bulge/overhang
",2010-02-04 17:05:58.557111,V4,Bouldering,f,B,011,0,0,100,0.0,0.0,0.0,0.0,0.0,0.0,t
50,14,meadows direct,"Like, who set it, and where, and what for and how hard it is and what''s the general style, etc.
",2010-01-18 12:30:56.132638,v7,Bouldering,f,B,011,0,0,100,0.0,0.0,0.0,0.0,0.0,0.0,t
51,14,"Variation on 46,47,48,49,50",,2010-01-18 12:32:00.914294,,,t,B,101,1,0,0,-13.0,-12.0,52.0,-16.0,-12.0,52.0,t
52,14,Variation on 47,,2010-01-18 12:35:30.749056,,,t,B,101,1,0,0,-13.0,-12.0,52.0,-16.0,-12.0,52.0,t
53,14,Variation on 47,,2010-01-18 12:35:31.386831,,,t,B,101,1,0,0,-13.0,-12.0,52.0,-16.0,-12.0,52.0,t
54,14,Variation on 47,,2010-01-18 12:35:44.891437,,,t,B,101,0,0,100,-13.0,-12.0,52.0,-16.0,-13.5,52.0,t
55,14,"Variation on 46,47,48,49,50",,2010-01-18 12:36:22.956771,,,t,B,101,0,0,100,-13.0,-12.0,52.0,-16.0,-13.5,52.0,t
56,12,crazy horse,Roanoke rock Gym ,2010-01-18 13:26:36.450184,5.11,Sport,f,B,011,0,0,100,0.0,0.0,0.0,0.0,0.0,0.0,t
57,12,barking spiders,"made up just to see how it works 
",2010-01-18 13:33:15.210492,5.10,Sport,f,B,011,0,0,100,0.0,0.0,0.0,0.0,0.0,0.0,t
58,12,"Variation on 56,57","
",2010-01-18 13:33:25.049915,5.10,Sport,t,B,101,1,0,0,-13.0,-12.0,52.0,-16.0,-12.0,52.0,t
59,16,Blue,"Zach, Easy route for nikki",2010-01-18 21:42:24.470443,V0,Bouldering,f,B,011,0,0,100,0.0,0.0,0.0,0.0,0.0,0.0,t
60,16,Variation on 59,,2010-01-18 21:43:15.257728,,,t,B,101,1,0,0,-13.0,-12.0,52.0,-16.0,-12.0,52.0,t
61,19,El Chupacabra,EPH,2010-01-19 12:33:47.004294,5.10,Sport,f,B,011,0,0,100,0.0,0.0,0.0,0.0,0.0,0.0,t
62,19,Variation on 61,,2010-01-19 12:34:51.787365,,,t,B,101,1,0,0,-13.0,-12.0,52.0,-16.0,-12.0,52.0,t
63,19,Variation on 61,,2010-01-19 12:36:25.308915,,,t,B,101,0,0,100,-13.0,-12.0,52.0,-16.0,-13.5,52.0,t
65,21,Variation on 64,,2010-01-19 15:35:47.248126,,,t,B,101,1,0,0,-13.0,-12.0,52.0,-16.0,-12.0,52.0,t
66,21,Variation on 64,,2010-01-19 15:35:47.531381,,,t,B,101,1,0,0,-13.0,-12.0,52.0,-16.0,-12.0,52.0,t
64,21,El Chupacabra2,"Like, who set it, and where, and what for and how hard it is and what''''s the general style, etc.

",2010-01-19 15:35:32.340818,5.8,Toprope,f,B,011,0,0,100,0.0,0.0,0.0,0.0,0.0,0.0,t
67,25,American BBQ,"Set on January 18, 2010.
Setter=Connor Reed.
Location=My House
8.5 feet tall.
12 feet wide.

Very Powerful and crimp-oriented.",2010-01-19 19:18:32.763381,V6/7,Bouldering,f,B,011,0,0,100,0.0,0.0,0.0,0.0,0.0,0.0,t
70,25,"","Like, who set it, and where, and what for and how hard it is and what''s the general style, etc.
",2010-01-19 19:57:02.346552,5.10,Sport,f,B,011,0,0,100,0.0,0.0,0.0,0.0,0.0,0.0,t
72,27,El Chupacabra,"Like, who set it, and where, and what for and how hard it is and what''s the general style, etc.
",2010-01-20 13:10:34.099931,5.10,Bouldering,f,B,011,0,0,100,0.0,0.0,0.0,0.0,0.0,0.0,t
319,100,Variation on 312,,2010-02-01 21:11:06.112864,,,t,B,101,1,0,0,-13.0,-12.0,52.0,-16.0,-12.0,52.0,t
430,153,El Chupacabra,"Like, who set it, and where, and what for and how hard it is and what''s the general style, etc.
",2010-02-19 21:27:34.461355,5.10,Sport,f,B,011,0,0,100,0.0,0.0,0.0,0.0,0.0,0.0,t
536,239,Agent Oranje,"visually intimidating even on a vertical wall but get the right sequence and the climb will be ok
",2010-07-16 04:03:07.37204,5.10,Sport,f,B,011,0,0,100,0.0,0.0,0.0,0.0,0.0,0.0,t
537,243,lobo wolffenstein,"Set by Eric Wolff, It''''s easy 11, series of boulder problems, and a few technical moves. I Call it better to swing then jump
",2010-07-27 10:00:26.637706,5.11a,Sport,f,B,011,0,0,100,0.0,0.0,0.0,0.0,0.0,0.0,t
538,243,Variation on 537,,2010-07-27 10:13:18.15542,,,t,B,101,1,0,0,-13.0,-12.0,52.0,-16.0,-12.0,52.0,t
539,106,Variation on 415,,2010-09-12 19:05:41.51313,,,t,B,101,1,0,0,-13.0,-12.0,52.0,-16.0,-12.0,52.0,t
540,106,Variation on 415,,2010-09-12 19:33:27.862281,,,t,B,101,1,0,0,-13.0,-12.0,52.0,-16.0,-12.0,52.0,t
541,253,El Chupacabra,"Like, who set it, and where, and what for and how hard it is and what''s the general style, etc.
",2010-11-07 20:54:21.723869,5.10,Sport,f,B,011,0,0,100,0.0,0.0,0.0,0.0,0.0,0.0,t
542,254,"Variation on 464,458",,2010-11-11 02:13:41.785355,,,t,B,101,1,0,0,-13.0,-12.0,52.0,-16.0,-12.0,52.0,t
543,254,Variation on 464,,2010-11-11 02:14:54.600072,,,t,B,101,1,0,0,-13.0,-12.0,52.0,-16.0,-12.0,52.0,t
546,258,Red,"Like, who set it, and where, and what for and how hard it is and what''''''''s the general style, etc.


",2010-12-16 09:16:29.274088,V9,Bouldering,f,B,011,0,0,100,0.0,0.0,0.0,0.0,0.0,0.0,t
549,264,Snakes Win 17000 to 4,"Sloper problem with only one foot jib and one huge bad sloper for feet besides the hand holds
 ",2011-02-01 09:17:49.024034,V4,Bouldering,f,B,011,0,0,100,0.0,0.0,0.0,0.0,0.0,0.0,t
550,264,Crazy Simple,Balance face climb with many pinches and beta intense ,2011-02-01 09:22:13.972835,V3,Bouldering,f,B,011,0,0,100,0.0,0.0,0.0,0.0,0.0,0.0,t
565,264,A time to Heal,Good Edges and Crimps up a 25 degree overhanging corner with left heel hooks and small right foot jibs,2011-02-01 09:43:53.934117,V2,Bouldering,f,B,011,0,0,100,0.0,0.0,0.0,0.0,0.0,0.0,t
568,264,"Variation on 549,565",,2011-02-01 09:45:15.07906,,,t,B,101,0,0,100,-13.0,-12.0,52.0,-16.0,-13.5,52.0,t
569,264,"Variation on 549,565",,2011-02-01 09:45:15.408984,,,t,B,101,0,0,100,-13.0,-12.0,52.0,-16.0,-13.5,52.0,t
570,264,"Variation on 549,565",,2011-02-01 09:45:19.499775,,,t,B,101,0,0,100,-13.0,-12.0,52.0,-16.0,-13.5,52.0,t
571,264,"Variation on 549,565",,2011-02-01 09:45:19.828497,,,t,B,101,0,0,100,-13.0,-12.0,52.0,-16.0,-13.5,52.0,t
572,264,Variation on 570,,2011-02-01 09:46:26.507569,,,t,B,101,1,0,0,-13.0,-12.0,52.0,-16.0,-12.0,52.0,t
573,264,Variation on 570,,2011-02-01 09:46:26.901091,,,t,B,101,1,0,0,-13.0,-12.0,52.0,-16.0,-12.0,52.0,t
574,264,"Variation on 549,570",,2011-02-01 09:46:43.415377,,,t,B,101,0,0,100,-13.0,-12.0,52.0,-16.0,-13.5,52.0,t
575,264,"Variation on 549,570",,2011-02-01 09:46:43.748417,,,t,B,101,0,0,100,-13.0,-12.0,52.0,-16.0,-13.5,52.0,t
576,264,"Variation on 549,565",,2011-02-01 09:48:27.256362,,,t,B,101,0,0,100,-13.0,-12.0,52.0,-16.0,-13.5,52.0,t
577,264,"Variation on 549,565",,2011-02-01 09:48:27.57542,,,t,B,101,0,0,100,-13.0,-12.0,52.0,-16.0,-13.5,52.0,t
584,264,"Variation on 565,575",,2011-02-01 09:51:44.478931,,,t,B,111,1,0,50,-13.0,-12.0,52.0,-16.0,-13.5,52.0,t
585,264,"Variation on 565,575",,2011-02-01 09:51:44.850637,,,t,B,111,1,0,50,-13.0,-12.0,52.0,-16.0,-13.5,52.0,t
586,264,"Variation on 565,575",,2011-02-01 09:52:40.75373,,,t,B,110,1,0,102,-13.0,-12.0,52.0,-16.0,-1.5,52.0,t
587,264,"Variation on 565,575",,2011-02-01 09:52:41.153966,,,t,B,110,1,0,102,-13.0,-12.0,52.0,-16.0,-1.5,52.0,t
588,264,"Variation on 565,575",,2011-02-01 09:53:40.605887,,,t,B,110,1,0,102,-13.0,-12.0,52.0,-18,-26,52.0,t
589,264,"Variation on 565,575",,2011-02-01 09:53:40.974225,,,t,B,110,1,0,102,-13.0,-12.0,52.0,-18,-26,52.0,t
590,264,"Variation on 549,550,565,568,569,570,571,572,573,574,575",,2011-02-01 10:35:43.121231,,,t,B,110,1,0,102,-13.0,-12.0,52.0,-18,-26,52.0,t
592,270,Variation on 591,,2011-03-02 09:55:42.53501,,,t,B,101,1,0,0,-13.0,-12.0,52.0,-16.0,-12.0,52.0,t
593,272,El Chupacabra,Moves are fairly big except first cross w/ left hand.,2011-03-17 23:02:43.905059,V5,Bouldering,f,B,011,0,0,100,0.0,0.0,0.0,0.0,0.0,0.0,t
594,281,Caramel Apple,"Adam P set this. Intermediate, long power sloper moves and technical crimp work. 

",2011-04-26 00:31:20.666313,V4,Bouldering,f,B,011,0,0,100,0.0,0.0,0.0,0.0,0.0,0.0,t
597,281,The Poop,"Like, who set it, and where, and what for and how hard it is and what''s the general style, etc.
",2011-04-26 02:10:24.256664,5.10c,Sport,f,B,011,0,0,100,0.0,0.0,0.0,0.0,0.0,0.0,t
601,281,Variation on 597,,2011-04-26 02:15:54.556528,,,t,B,101,0,0,100,-13.0,-12.0,52.0,-16.0,-13.5,52.0,t
602,281,Variation on 594,,2011-04-26 02:16:38.870319,,,t,B,101,0,0,100,-13.0,-12.0,52.0,-16.0,-13.5,52.0,t
603,281,Variation on 594,,2011-04-26 02:16:57.671723,,,t,B,101,1,0,0,-13.0,-12.0,52.0,-16.0,-12.0,52.0,t
606,281,Variation on 597,,2011-04-26 02:18:29.921661,,,t,D,101,0,0,0,-13.0,-12.0,52.0,-16.0,-12.0,52.0,t
607,281,Variation on 597,,2011-04-26 02:18:42.931166,,,t,B,111,0,0,0,-13.0,-12.0,52.0,-16.0,-12.0,52.0,t
608,281,Variation on 597,,2011-04-26 02:19:02.417157,,,t,B,101,0,0,0,-13.0,-12.0,52.0,-16.0,-12.0,52.0,t
609,281,Variation on 597,,2011-04-26 02:19:14.37191,,,t,B,001,0,0,0,-13.0,-12.0,52.0,-16.0,-12.0,52.0,t
610,281,Variation on 597,,2011-04-26 02:19:22.084527,,,t,B,000,0,0,0,-13.0,-12.0,52.0,-16.0,-12.0,52.0,t
611,281,Variation on 597,,2011-04-26 02:19:34.628472,,,t,B,010,0,0,0,-13.0,-12.0,52.0,-16.0,-12.0,52.0,t
613,283,Test B2,"Like, who set it, and where, and what for and how hard it is and what''''s the general style, etc.

",2011-05-20 16:20:38.768566,5.12,Bouldering,f,B,011,0,0,100,0.0,0.0,0.0,0.0,0.0,0.0,t
614,283,Variation on 613,,2011-05-20 16:22:05.200046,,,t,B,101,1,0,0,-13.0,-12.0,52.0,-16.0,-12.0,52.0,t
615,283,Variation on 613,,2011-05-20 16:23:27.263927,,,t,D,101,1,0,100,-16.0,-10.0,50.0,-11.0,-13.5,55.0,t
616,283,Variation on 613,,2011-05-20 16:23:56.812381,,,t,D,101,1,0,100,-16.0,-10.0,50.0,-11.0,-13.5,55.0,t
617,283,Variation on 613,,2011-05-20 16:24:12.28808,,,t,D,101,1,0,100,-16.0,-10.0,50.0,-11.0,-13.5,55.0,t
618,283,Variation on 613,,2011-05-20 16:24:46.91258,,,t,D,101,1,0,100,-10.0,-5.0,50.0,-20.0,-13.5,55.0,t
619,283,Variation on 613,,2011-05-20 16:25:02.604657,,,t,B,101,1,0,100,-10.0,-5.0,50.0,-20.0,-13.5,55.0,t
620,283,Variation on 613,,2011-05-20 16:25:45.092666,,,t,B,101,0,0,100,-10.0,-25.0,50.0,-11.0,-13.5,55.0,t
621,286,pure elaman,begginers LA ROCA,2011-06-09 09:10:34.86388,5.10,Sport,f,B,011,0,0,100,0.0,0.0,0.0,0.0,0.0,0.0,t
622,286,Variation on 621,,2011-06-09 09:11:14.641799,,,t,B,101,1,0,0,-13.0,-12.0,52.0,-16.0,-12.0,52.0,t
623,286,Variation on 621,,2011-06-09 09:11:55.972617,,,t,D,101,1,0,0,-13.0,-12.0,52.0,-16.0,-12.0,52.0,t
624,288,Variation on 157,,2011-06-20 07:34:17.59624,,,t,B,101,1,0,0,-13.0,-12.0,52.0,-16.0,-12.0,52.0,t
625,288,"Variation on 157,614",,2011-06-20 07:34:45.073792,,,t,B,101,1,0,0,-13.0,-12.0,52.0,-16.0,-12.0,52.0,t
626,288,"Variation on 157,541,614",,2011-06-20 07:35:11.780207,,,t,B,101,1,0,0,-13.0,-12.0,52.0,-16.0,-12.0,52.0,t
628,302,Variation on 590,,2011-10-03 14:52:38.982314,,,t,B,101,1,0,0,-13.0,-12.0,52.0,-16.0,-12.0,52.0,t
667,332,Variation on 657,,2011-12-25 11:56:33.854274,,,t,B,111,0,0,0,-13.0,-12.0,52.0,-16.0,-12.0,52.0,t
629,302,TestFooBar1,"The Start


",2011-10-03 14:58:51.752134,5.10,Bouldering,f,B,011,0,0,100,0.0,0.0,0.0,0.0,0.0,0.0,t
630,302,TestFooBar2,Variation on TestFooBar1,2011-10-03 14:59:54.599599,5.?,"",t,B,101,1,0,0,-13.0,-12.0,52.0,-16.0,-12.0,52.0,t
631,302,Variation on 629,,2011-10-03 15:06:22.485212,,,t,B,101,1,0,0,-13.0,-12.0,52.0,-16.0,-12.0,52.0,t
632,302,Variation on 629,,2011-10-03 15:06:44.997343,,,t,B,101,1,0,0,-13.0,-12.0,52.0,-16.0,-12.0,52.0,t
633,302,Variation on 629,,2011-10-03 15:07:04.923463,,,t,B,101,0,0,100,-13.0,-12.0,52.0,-16.0,-13.5,52.0,t
638,311,El Chupacabra,"Like, who set it, and where, and what for and how hard it is and what''s the general style, etc.
",2011-10-11 22:38:54.265319,5.10,Bouldering,f,B,011,0,0,100,0.0,0.0,0.0,0.0,0.0,0.0,t
641,311,I am the Batman,"Like, who set it, and where, and what for and how hard it is and what''s the general style, etc.
",2011-10-11 22:40:17.79371,5.10,Bouldering,f,B,011,0,0,100,0.0,0.0,0.0,0.0,0.0,0.0,t
642,311,Variation on 641,,2011-10-11 22:40:32.168574,,,t,B,101,1,0,0,-13.0,-12.0,52.0,-16.0,-12.0,52.0,t
643,315,El Chupacabra,"Like, who set it, and where, and what for and how hard it is and what''s the general style, etc.
",2011-10-26 21:27:10.692279,5.10,Bouldering,f,B,011,0,0,100,0.0,0.0,0.0,0.0,0.0,0.0,t
644,315,Variation on 643,,2011-10-26 21:27:40.077487,,,t,B,101,1,0,0,-13.0,-12.0,52.0,-16.0,-12.0,52.0,t
645,315,Variation on 643,,2011-10-26 21:27:58.599171,,,t,B,101,1,0,0,-13.0,-12.0,52.0,-16.0,-12.0,52.0,t
646,315,Variation on 643,,2011-10-26 21:28:02.658829,,,t,B,101,0,0,100,-13.0,-12.0,52.0,-16.0,-13.5,52.0,t
647,319,"","
",2011-11-02 23:44:50.257863,"",Sport,f,B,011,0,0,100,0.0,0.0,0.0,0.0,0.0,0.0,t
648,329,El Chupacabra,"Like, who set it, and where, and what for and how hard it is and what''s the general style, etc.
",2011-12-13 07:31:02.690401,5.10,Sport,f,B,011,0,0,100,0.0,0.0,0.0,0.0,0.0,0.0,t
649,329,Variation on 648,,2011-12-13 07:31:21.009602,,,t,B,101,1,0,0,-13.0,-12.0,52.0,-16.0,-12.0,52.0,t
802,553,Variation on 801,,2013-03-06 07:13:25.855471,,,t,B,101,1,0,0,-13.0,-12.0,52.0,-16.0,-12.0,52.0,t
650,332,first,"Like, who set it, and where, and what for and how hard it is and what''s the general style, etc.
",2011-12-25 11:37:40.585995,v0,Bouldering,f,B,011,0,0,100,0.0,0.0,0.0,0.0,0.0,0.0,t
651,332,Variation on 650,,2011-12-25 11:37:54.54259,,,t,B,101,1,0,0,-13.0,-12.0,52.0,-16.0,-12.0,52.0,t
652,332,El Chupacabra,"Like, who set it, and where, and what for and how hard it is and what''s the general style, etc.
",2011-12-25 11:39:27.248928,v2,Bouldering,f,B,011,0,0,100,0.0,0.0,0.0,0.0,0.0,0.0,t
653,332,Variation on 652,,2011-12-25 11:39:37.341129,,,t,B,101,1,0,0,-13.0,-12.0,52.0,-16.0,-12.0,52.0,t
654,332,Variation on 653,,2011-12-25 11:39:56.768844,,,t,B,101,1,0,0,-13.0,-12.0,52.0,-16.0,-12.0,52.0,t
655,332,green trc,"Like, who set it, and where, and what for and how hard it is and what''''s the general style, etc.

",2011-12-25 11:43:02.442584,v5+,Bouldering,f,B,011,0,0,100,0.0,0.0,0.0,0.0,0.0,0.0,t
656,332,Variation on 655,,2011-12-25 11:44:12.327332,,,t,B,101,1,0,0,-13.0,-12.0,52.0,-16.0,-12.0,52.0,t
657,332,testy,"Like, who set it, and where, and what for and how hard it is and what''s the general style, etc.
",2011-12-25 11:53:23.900178,v3,Bouldering,f,B,011,0,0,100,0.0,0.0,0.0,0.0,0.0,0.0,t
658,332,Variation on 657,,2011-12-25 11:53:36.013319,,,t,B,101,1,0,0,-13.0,-12.0,52.0,-16.0,-12.0,52.0,t
659,332,Variation on 657,,2011-12-25 11:53:48.776217,,,t,B,101,0,0,100,-13.0,-12.0,52.0,-16.0,-13.5,52.0,t
660,332,Variation on 657,,2011-12-25 11:54:43.070117,,,t,B,101,0,0,100,-13.0,-12.0,52.0,-16.0,-13.5,52.0,t
661,332,Variation on 657,,2011-12-25 11:54:53.895442,,,t,B,101,1,0,0,-13.0,-12.0,52.0,-16.0,-12.0,52.0,t
662,332,Variation on 657,,2011-12-25 11:55:22.852238,,,t,B,111,0,0,0,-13.0,-12.0,52.0,-16.0,-12.0,52.0,t
663,332,Variation on 657,,2011-12-25 11:55:42.361583,,,t,B,101,0,0,0,-13.0,-12.0,52.0,-16.0,-12.0,52.0,t
668,332,Variation on 657,,2011-12-25 20:29:13.860925,,,t,D,111,0,0,0,-13.0,-12.0,52.0,-16.0,-12.0,52.0,t
669,332,home path,"
",2011-12-25 23:30:19.996515,v4,Bouldering,f,B,011,0,0,100,0.0,0.0,0.0,0.0,0.0,0.0,t
670,332,Variation on 669,,2011-12-25 23:30:39.624251,,,t,B,101,0,0,100,-13.0,-12.0,52.0,-16.0,-13.5,52.0,t
671,332,Variation on 669,,2011-12-25 23:30:58.821114,,,t,B,101,1,0,0,-13.0,-12.0,52.0,-16.0,-12.0,52.0,t
672,332,Variation on 669,,2011-12-25 23:31:21.852908,,,t,B,111,1,0,0,-13.0,-12.0,52.0,-16.0,-12.0,52.0,t
674,332,Variation on 669,,2011-12-25 23:32:04.493881,,,t,B,111,0,0,0,-13.0,-12.0,52.0,-16.0,-12.0,52.0,t
676,332,"Variation on 655,669",,2011-12-25 23:38:53.802919,,,t,B,111,1,0,0,-13.0,-12.0,52.0,-16.0,-12.0,52.0,t
679,332,"Variation on 655,669",,2011-12-25 23:39:34.000767,,,t,B,111,0,0,100,-13.0,-12.0,52.0,-16.0,-13.5,52.0,t
682,332,"Variation on 655,669",,2011-12-25 23:40:14.068834,,,t,B,101,0,0,100,-13.0,-12.0,52.0,-16.0,-13.5,52.0,t
683,332,"Variation on 655,657,669",,2011-12-25 23:41:41.955702,,,t,B,101,0,0,100,-13.0,-12.0,52.0,-16.0,-13.5,52.0,t
684,332,"Variation on 655,657,669",,2011-12-25 23:42:05.78976,,,t,B,101,1,0,0,-13.0,-12.0,52.0,-16.0,-12.0,52.0,t
685,332,"Variation on 655,657,669",,2011-12-25 23:44:55.404045,,,t,B,000,1,0,0,-13.0,-12.0,52.0,-16.0,-12.0,52.0,t
686,332,"Variation on 655,657,669",,2011-12-25 23:45:15.364484,,,t,B,100,1,0,0,-13.0,-12.0,52.0,-16.0,-12.0,52.0,t
687,332,"Variation on 655,657,669",,2011-12-25 23:46:11.065433,,,t,B,110,1,0,0,-13.0,-12.0,52.0,-16.0,-12.0,52.0,t
688,332,"Variation on 655,657,669",,2011-12-25 23:47:09.211814,,,t,B,110,1,0,100,-13.0,-12.0,52.0,-16.0,-12.0,52.0,t
675,333,The Flash Killer,"In Garage, Vmack, Set by Moombaman
",2011-12-25 23:37:51.545666,Vmack,Bouldering,f,B,011,0,0,100,0.0,0.0,0.0,0.0,0.0,0.0,t
689,332,"Variation on 655,657,669",,2011-12-25 23:47:26.083681,,,t,B,111,1,0,100,-13.0,-12.0,52.0,-16.0,-12.0,52.0,t
690,332,"Variation on 655,657,669",,2011-12-25 23:48:25.234015,,,t,B,111,0,0,100,-13.0,-12.0,52.0,-16.0,-12.0,52.0,t
691,332,"Variation on 655,669",,2011-12-25 23:48:47.73097,,,t,B,111,0,0,100,-13.0,-12.0,52.0,-16.0,-12.0,52.0,t
692,332,home 1,"Like, who set it, and where, and what for and how hard it is and what''s the general style, etc.
",2011-12-25 23:51:01.214522,v4,Bouldering,f,B,011,0,0,100,0.0,0.0,0.0,0.0,0.0,0.0,t
693,332,green 5+,"Like, who set it, and where, and what for and how hard it is and what''s the general style, etc.
",2011-12-25 23:52:07.258609,V5+,Bouldering,f,B,011,0,0,100,0.0,0.0,0.0,0.0,0.0,0.0,t
694,332,green 5+ 1,"Like, who set it, and where, and what for and how hard it is and what''s the general style, etc.
",2011-12-25 23:53:54.371659,V5+,Bouldering,f,B,011,0,0,100,0.0,0.0,0.0,0.0,0.0,0.0,t
695,332,"Variation on 692,694",,2011-12-25 23:54:46.983741,,,t,B,101,1,0,0,-13.0,-12.0,52.0,-16.0,-12.0,52.0,t
696,332,"Variation on 692,694",,2011-12-25 23:55:14.405231,,,t,B,111,0,0,100,-13.0,-12.0,52.0,-16.0,-12.0,52.0,t
697,332,"Variation on 692,694",,2011-12-25 23:55:29.260086,,,t,D,111,0,0,100,-13.0,-12.0,52.0,-16.0,-12.0,52.0,t
698,332,"Variation on 692,694",,2011-12-25 23:56:05.14677,,,t,B,100,-1,0,100,-13.0,-12.0,52.0,-16.0,-12.0,52.0,t
699,332,"Variation on 692,694",,2011-12-25 23:56:30.214389,,,t,B,110,0,0,100,-13.0,-12.0,52.0,-16.0,-12.0,52.0,t
700,332,"Variation on 692,694",,2011-12-25 23:56:40.518583,,,t,B,111,0,0,100,-13.0,-12.0,52.0,-16.0,-12.0,52.0,t
701,335,Test,"",2011-12-27 19:18:46.614752,V0,Bouldering,f,B,011,0,0,100,0.0,0.0,0.0,0.0,0.0,0.0,t
702,354,Rocket to the top,"Set by Tyrone Clements and Evert Freeman, on a tasty outdoor slab.",2012-03-06 03:31:40.819292,V4,Bouldering,f,B,011,0,0,100,0.0,0.0,0.0,0.0,0.0,0.0,t
703,354,Variation on 702,,2012-03-06 03:32:29.377,,,t,B,101,1,0,0,-13.0,-12.0,52.0,-16.0,-12.0,52.0,t
704,354,Variation on 702,,2012-03-06 03:32:48.220743,,,t,B,101,1,0,0,-13.0,-12.0,52.0,-16.0,-12.0,52.0,t
705,354,Variation on 702,,2012-03-06 03:33:45.745597,,,t,B,101,0,0,100,-13.0,-12.0,52.0,-16.0,-13.5,52.0,t
706,354,Waking the yeti,"Indoor route for funsies, Set by Tyrone Clements and Evert Freeman at Rockface climbing gym, Perth, Western Australia.Climb set on a 50> but >60 degree wall, involving an overhang and a triangle feature.",2012-03-06 03:43:33.98073,V4,Bouldering,f,B,011,0,0,100,0.0,0.0,0.0,0.0,0.0,0.0,t
707,354,Variation on 706,,2012-03-06 03:44:16.821076,,,t,B,101,1,0,0,-13.0,-12.0,52.0,-16.0,-12.0,52.0,t
708,354,Variation on 706,,2012-03-06 03:44:45.211229,,,t,B,101,0,0,100,-13.0,-12.0,52.0,-16.0,-13.5,52.0,t
709,354,Variation on 706,,2012-03-06 05:26:31.051316,,,t,B,101,1,0,0,-13.0,-12.0,52.0,-16.0,-12.0,52.0,t
710,354,Variation on 706,,2012-03-06 05:26:51.867652,,,t,B,101,0,0,100,-13.0,-12.0,52.0,-16.0,-13.5,52.0,t
711,354,"Variation on 702,706",,2012-03-06 05:45:41.983089,,,t,B,101,1,0,0,-13.0,-12.0,52.0,-16.0,-12.0,52.0,t
712,354,"Variation on 702,706",,2012-03-06 05:46:13.556551,,,t,B,101,0,0,100,-13.0,-12.0,52.0,-16.0,-13.5,52.0,t
713,354,"Variation on 702,706",,2012-03-06 06:07:49.253179,,,t,B,101,0,0,100,-13.0,-12.0,52.0,-16.0,-13.5,52.0,t
714,354,"Variation on 702,704,706,708",,2012-03-06 06:08:29.04218,,,t,B,101,0,0,100,-13.0,-12.0,52.0,-16.0,-13.5,52.0,t
716,354,"Variation on 702,704,706,708",,2012-03-06 06:09:16.684403,,,t,B,101,-1,0,100,-13.0,-12.0,52.0,-16.0,-13.5,52.0,t
717,366,El Chupacabra,"Like, who set it, and where, and what for and how hard it is and what''s the general style, etc.
",2012-03-30 04:22:31.264468,5.10,Bouldering,f,B,011,0,0,100,0.0,0.0,0.0,0.0,0.0,0.0,t
719,372,Muchos grandes,"Like, who set it, and where, and what for and how hard it is and what''s the general style, etc.
",2012-04-02 01:25:15.989359,V10,Bouldering,f,B,011,0,0,100,0.0,0.0,0.0,0.0,0.0,0.0,t
720,380,Test route,just for test.,2012-04-07 10:07:00.038801,5.5,TR,f,B,011,0,0,100,0.0,0.0,0.0,0.0,0.0,0.0,t
721,380,El Chupacabra,"Like, who set it, and where, and what for and how hard it is and what''s the general style, etc.
",2012-04-07 10:07:41.887895,5.10,Sport,f,B,011,0,0,100,0.0,0.0,0.0,0.0,0.0,0.0,t
723,380,Variation on 721,,2012-04-07 10:08:08.32336,,,t,B,101,1,0,0,-13.0,-12.0,52.0,-16.0,-12.0,52.0,t
724,382,Variation on 417,,2012-04-19 18:30:18.879717,,,t,B,101,1,0,0,-13.0,-12.0,52.0,-16.0,-12.0,52.0,t
725,382,Variation on 537,,2012-04-19 18:31:22.753086,,,t,B,101,1,0,0,-13.0,-12.0,52.0,-16.0,-12.0,52.0,t
727,390,El Chupacabra,"Like, who set it, and where, and what for and how hard it is and what''s the general style, etc.
",2012-05-21 23:47:41.946652,5.10,Sport,f,B,011,0,0,100,0.0,0.0,0.0,0.0,0.0,0.0,t
731,336,El Chupacabra,"Like, who set it, and where, and what for and how hard it is and what''s the general style, etc.
",2012-06-14 13:50:13.919172,5.10,Bouldering,f,B,011,0,0,100,0.0,0.0,0.0,0.0,0.0,0.0,t
732,336,Variation on 731,,2012-06-14 13:50:40.994345,,,t,B,101,1,0,0,-13.0,-12.0,52.0,-16.0,-12.0,52.0,t
733,336,Variation on 731,,2012-06-14 13:51:19.746071,,,t,B,101,1,0,0,-13.0,-12.0,52.0,-16.0,-12.0,52.0,t
734,336,Variation on 731,,2012-06-14 13:51:28.316193,,,t,B,101,1,0,0,-13.0,-12.0,52.0,-16.0,-12.0,52.0,t
735,336,"Variation on 731,732,733,734",,2012-06-14 13:52:08.053432,,,t,B,101,1,0,0,-13.0,-12.0,52.0,-16.0,-12.0,52.0,t
736,395,El Chupacabra,"Like, who set it, and where, and what for and how hard it is and what''s the general style, etc.
",2012-06-15 12:50:53.623596,"",Bouldering,f,B,011,0,0,100,0.0,0.0,0.0,0.0,0.0,0.0,t
737,395,Variation on 736,,2012-06-15 12:51:39.029664,,,t,B,101,0,0,100,-13.0,-12.0,52.0,-16.0,-13.5,52.0,t
738,401,GP Test 1,"Test route for Granite Planet, UK

",2012-06-28 07:20:05.805649,5.11,Toprope,f,B,011,0,0,100,0.0,0.0,0.0,0.0,0.0,0.0,t
739,401,Variation on 738,,2012-06-28 07:22:43.722487,,,t,B,101,1,0,0,-13.0,-12.0,52.0,-16.0,-12.0,52.0,t
740,401,Variation on 738,,2012-06-28 07:23:19.053341,,,t,B,101,1,0,0,-13.0,-12.0,52.0,-16.0,-12.0,52.0,t
741,410,El Chupacabra,"Like, who set it, and where, and what for and how hard it is and what''s the general style, etc.
",2012-07-15 23:17:15.379974,5.10,Sport,f,B,011,0,0,100,0.0,0.0,0.0,0.0,0.0,0.0,t
742,410,Variation on 741,,2012-07-15 23:17:34.248482,,,t,B,101,1,0,0,-13.0,-12.0,52.0,-16.0,-12.0,52.0,t
743,410,Variation on 741,,2012-07-15 23:17:41.964352,,,t,B,101,1,0,0,-13.0,-12.0,52.0,-16.0,-12.0,52.0,t
744,414,El Chupacabra,"Like, who set it, and where, and what for and how hard it is and what''s the general style, etc.
",2012-07-27 00:34:57.820376,v1,Bouldering,f,B,011,0,0,100,0.0,0.0,0.0,0.0,0.0,0.0,t
748,414,kimmie kub,"",2012-07-27 15:28:58.004183,v2,Bouldering,f,B,011,0,0,100,0.0,0.0,0.0,0.0,0.0,0.0,t
752,414,bad mike,"",2012-07-27 16:28:36.496084,v4,Bouldering,f,B,011,0,0,100,0.0,0.0,0.0,0.0,0.0,0.0,t
753,414,Variation on 752,,2012-07-27 16:28:44.806706,,,t,B,101,1,0,0,-13.0,-12.0,52.0,-16.0,-12.0,52.0,t
754,414,Variation on 748,,2012-07-29 19:22:49.840575,,,t,B,101,1,0,0,-13.0,-12.0,52.0,-16.0,-12.0,52.0,t
755,414,"Variation on 744,748",,2012-07-29 19:23:18.193106,,,t,B,101,1,0,0,-13.0,-12.0,52.0,-16.0,-12.0,52.0,t
756,414,Variation on 752,,2012-07-29 19:24:04.037373,,,t,B,101,1,0,0,-13.0,-12.0,52.0,-16.0,-12.0,52.0,t
757,416,Brian Test,"Like, who set it, and where, and what for and how hard it is and what''s the general style, etc.
",2012-08-06 16:34:40.367642,5.10,Sport,f,B,011,0,0,100,0.0,0.0,0.0,0.0,0.0,0.0,t
758,417,Variation on 474,,2012-08-06 22:14:59.913935,,,t,B,101,1,0,0,-13.0,-12.0,52.0,-16.0,-12.0,52.0,t
759,417,Variation on 475,,2012-08-06 22:15:10.77659,,,t,B,101,1,0,0,-13.0,-12.0,52.0,-16.0,-12.0,52.0,t
760,388,Trial Route,"Like, who set it, and where, and what for and how hard it is and what''''s the general style, etc.

",2012-08-15 17:07:34.14237,V2/3,Bouldering,f,B,011,0,0,100,0.0,0.0,0.0,0.0,0.0,0.0,t
761,423,El Chupacabra,"Like, who set it, and where, and what for and how hard it is and what''s the general style, etc.
",2012-08-26 21:51:23.102703,5.10,Bouldering,f,B,011,0,0,100,0.0,0.0,0.0,0.0,0.0,0.0,t
767,425,Social Distortion,"Like, who set it, and where, and what for and how hard it is and what''s the general style, etc.
",2012-08-28 15:07:25.890522,v5,Bouldering,f,B,011,0,0,100,0.0,0.0,0.0,0.0,0.0,0.0,t
772,440,"Variation on 160,169,533",,2012-09-27 01:20:26.965904,,,t,B,101,1,0,0,-13.0,-12.0,52.0,-16.0,-12.0,52.0,t
773,440,"Variation on 160,169,533,641",,2012-09-27 01:20:48.639305,,,t,B,101,1,0,0,-13.0,-12.0,52.0,-16.0,-12.0,52.0,t
774,468,Variation on 424,,2012-09-27 20:19:28.681093,,,t,B,101,1,0,0,-13.0,-12.0,52.0,-16.0,-12.0,52.0,t
775,468,"Variation on 424,539",,2012-09-27 20:19:46.107653,,,t,B,101,1,0,0,-13.0,-12.0,52.0,-16.0,-12.0,52.0,t
776,468,"Variation on 424,480,481,539",,2012-09-27 20:19:57.289221,,,t,B,101,1,0,0,-13.0,-12.0,52.0,-16.0,-12.0,52.0,t
777,468,Variation on 73,,2012-09-27 20:20:31.393578,,,t,B,101,1,0,0,-13.0,-12.0,52.0,-16.0,-12.0,52.0,t
778,468,"Variation on 73,733,758,760,761",,2012-09-27 20:20:46.750502,,,t,B,101,1,0,0,-13.0,-12.0,52.0,-16.0,-12.0,52.0,t
779,476,"Variation on 670,671,672,674",,2012-09-28 21:19:01.55417,,,t,B,101,1,0,0,-13.0,-12.0,52.0,-16.0,-12.0,52.0,t
780,476,Variation on 670,,2012-09-28 21:19:15.127907,,,t,B,101,1,0,0,-13.0,-12.0,52.0,-16.0,-12.0,52.0,t
781,476,Variation on 207,,2012-09-28 21:23:14.331703,,,t,B,101,1,0,0,-13.0,-12.0,52.0,-16.0,-12.0,52.0,t
782,476,"Variation on 779,207",,2012-09-28 21:23:23.378445,,,t,B,101,1,0,0,-13.0,-12.0,52.0,-16.0,-12.0,52.0,t
783,476,"Variation on 779,675",,2012-09-28 21:24:23.724051,,,t,B,101,1,0,0,-13.0,-12.0,52.0,-16.0,-12.0,52.0,t
784,476,"Variation on 779,207",,2012-09-28 21:24:45.622868,,,t,B,101,1,0,0,-13.0,-12.0,52.0,-16.0,-12.0,52.0,t
785,476,Variation on 779,,2012-09-28 21:25:00.77665,,,t,B,101,1,0,0,-13.0,-12.0,52.0,-16.0,-12.0,52.0,t
796,543,Cherry River Line,"Set by FM ... a West Virginia classic.

",2013-02-21 12:37:37.417068,5.10,Sport,f,B,011,0,0,100,0.0,0.0,0.0,0.0,0.0,0.0,t
801,553,El Chupacabra,"Like, who set it, and where, and what for and how hard it is and what''s the general style, etc.
",2013-03-06 07:13:14.604792,5.10,Sport,f,B,011,0,0,100,0.0,0.0,0.0,0.0,0.0,0.0,t
803,553,Variation on 801,,2013-03-06 07:14:26.697083,,,t,B,101,1,0,0,-13.0,-12.0,52.0,-16.0,-12.0,52.0,t
804,557,"Variation on 232,34,46",,2013-03-12 04:42:18.586764,,,t,B,101,1,0,0,-13.0,-12.0,52.0,-16.0,-12.0,52.0,t
805,560,El Chupacabra,"Like, who set it, and where, and what for and how hard it is and what''s the general style, etc.
",2013-03-13 11:35:25.170889,5.10,TR,f,B,011,0,0,100,0.0,0.0,0.0,0.0,0.0,0.0,t
807,560,El Chupacabra,"Like, who set it, and where, and what for and how hard it is and what''s the general style, etc.
",2013-03-13 11:37:44.759154,5.10,Sport,f,B,011,0,0,100,0.0,0.0,0.0,0.0,0.0,0.0,t
809,560,Variation on 807,,2013-03-13 11:38:19.514377,,,t,B,101,0,0,100,-13.0,-12.0,52.0,-16.0,-13.5,52.0,t
810,560,El Chupacabra,"Like, who set it, and where, and what for and how hard it is and what''s the general style, etc.
",2013-03-13 11:38:33.820791,5.10,Sport,f,B,011,0,0,100,0.0,0.0,0.0,0.0,0.0,0.0,t
811,560,El Chupacabra,"Like, who set it, and where, and what for and how hard it is and what''s the general style, etc.
",2013-03-13 11:38:39.289589,5.10,TR,f,B,011,0,0,100,0.0,0.0,0.0,0.0,0.0,0.0,t
812,575,El Chupacabra,"Like, who set it, and where, and what for and how hard it is and what''s the general style, etc.
",2013-03-23 19:24:55.402296,5.10,Sport,f,B,011,0,0,100,0.0,0.0,0.0,0.0,0.0,0.0,t
815,588,aaaaaaaa,"Like, who set it, and where, and what for and how hard it is and what''s the general style, etc.
",2013-03-25 14:13:10.729679,5.10,Bouldering,f,B,011,0,0,100,0.0,0.0,0.0,0.0,0.0,0.0,t
816,596,El Chupacabra,"Like, who set it, and where, and what for and how hard it is and what''s the general style, etc.
",2013-03-25 16:26:42.967946,5.10,TR,f,B,011,0,0,100,0.0,0.0,0.0,0.0,0.0,0.0,t
817,596,"Variation on 816,721",,2013-03-25 16:27:57.525102,,,t,B,101,1,0,0,-13.0,-12.0,52.0,-16.0,-12.0,52.0,t
818,596,Variation on 816,,2013-03-25 16:28:13.738231,,,t,B,101,1,0,0,-13.0,-12.0,52.0,-16.0,-12.0,52.0,t
821,613,El Chupacabra,"Like, who set it, and where, and what for and how hard it is and what''s the general style, etc.
",2013-04-24 19:47:34.99706,v5,Bouldering,f,B,011,0,0,100,0.0,0.0,0.0,0.0,0.0,0.0,t
822,613,El Chupacabra,"Like, who set it, and where, and what for and how hard it is and what''s the general style, etc.
",2013-04-24 19:48:00.463574,v5,Bouldering,f,B,011,0,0,100,0.0,0.0,0.0,0.0,0.0,0.0,t
823,621,El Chupacabra,"Like, who set it, and where, and what for and how hard it is and what''s the general style, etc.
",2013-05-15 21:52:52.826439,5.10,Sport,f,B,011,0,0,100,0.0,0.0,0.0,0.0,0.0,0.0,t
824,621,Variation on 823,,2013-05-15 21:53:25.793582,,,t,B,101,1,0,0,-13.0,-12.0,52.0,-16.0,-12.0,52.0,t
844,622,"Variation on 1,2",,2013-05-19 18:22:22.108861,,,t,B,101,-1,0,100,-13.0,-12.0,52.0,-16.0,-13.5,52.0,t
845,624,Variation on 384,,2013-05-22 23:22:22.156275,,,t,B,101,1,0,0,-13.0,-12.0,52.0,-16.0,-12.0,52.0,t
846,624,Variation on 135,,2013-05-22 23:23:23.005205,,,t,B,101,1,0,0,-13.0,-12.0,52.0,-16.0,-12.0,52.0,t
847,631,Via Normal,Iracemapolis-SP-Brazil,2013-06-28 07:28:14.735418,5.10,Sport,f,B,011,0,0,100,0.0,0.0,0.0,0.0,0.0,0.0,t
848,639,Variation on 94,,2013-07-20 09:19:29.378065,,,t,D,101,0,0,100,-13.0,-12.0,52.0,-16.0,-13.5,52.0,t
849,641,Silverback Gorilla,"Pinch to sloper then big throw to sloper on left. 
",2013-08-11 20:01:18.490481,V4,Bouldering,f,B,011,0,0,100,0.0,0.0,0.0,0.0,0.0,0.0,t
850,641,Variation on 849,,2013-08-11 20:02:34.451605,,,t,B,101,1,0,0,-13.0,-12.0,52.0,-16.0,-12.0,52.0,t
851,641,Variation on 849,,2013-08-11 20:02:44.652124,,,t,B,101,1,0,0,-13.0,-12.0,52.0,-16.0,-12.0,52.0,t
852,641,Variation on 849,,2013-08-11 20:03:00.274204,,,t,D,101,1,0,0,-13.0,-12.0,52.0,-16.0,-12.0,52.0,t
854,650,Variation on 149,,2013-09-14 08:06:33.20715,,,t,B,101,1,0,0,-13.0,-12.0,52.0,-16.0,-12.0,52.0,t
860,650,Variation on 149,,2013-09-14 08:07:36.037635,,,t,B,111,-1,0,0,-13.0,-12.0,52.0,-16.0,-12.0,52.0,t
861,650,"Variation on 149,810,818,844,846,849",,2013-09-14 08:07:43.673025,,,t,B,111,-1,0,0,-13.0,-12.0,52.0,-16.0,-12.0,52.0,t
862,656,=,dihedral face,2013-09-15 00:39:31.183145,5.10,Bouldering,f,B,011,0,0,100,0.0,0.0,0.0,0.0,0.0,0.0,t
863,656,Variation on 862,,2013-09-15 00:40:06.986482,,,t,B,101,1,0,0,-13.0,-12.0,52.0,-16.0,-12.0,52.0,t
864,656,Variation on 862,,2013-09-15 00:40:10.881128,,,t,B,101,1,0,0,-13.0,-12.0,52.0,-16.0,-12.0,52.0,t
865,656,Variation on 862,,2013-09-15 00:40:13.886008,,,t,B,101,1,0,0,-13.0,-12.0,52.0,-16.0,-12.0,52.0,t
866,656,Variation on 862,,2013-09-15 00:40:22.007596,,,t,B,101,0,0,100,-13.0,-12.0,52.0,-16.0,-13.5,52.0,t
867,661,El Chupacabra,"Like, who set it, and where, and what for and how hard it is and what''s the general style, etc.
",2013-09-20 16:39:14.507863,5.8,TR,f,B,011,0,0,100,0.0,0.0,0.0,0.0,0.0,0.0,t
869,542,Variation on 73,,2013-11-13 20:31:15.350059,,,t,B,101,1,0,0,-13.0,-12.0,52.0,-16.0,-12.0,52.0,t
870,542,Variation on 869,,2013-11-13 20:37:01.092386,,,t,B,101,1,0,0,-13.0,-12.0,52.0,-16.0,-12.0,52.0,t
871,542,Variation on 869,,2013-11-13 20:37:12.610299,,,t,B,101,0,0,100,-13.0,-12.0,52.0,-16.0,-13.5,52.0,t
875,542,"Variation on 869,870,871","
",2013-11-13 20:44:50.222437,5.4,Toprope,t,B,101,1,0,0,-13.0,-12.0,52.0,-16.0,-12.0,52.0,t
876,695,El Chupacabra,"Like, who set it, and where, and what for and how hard it is and what''s the general style, etc.
",2013-12-01 03:17:09.933207,5.10,Sport,f,B,011,0,0,100,0.0,0.0,0.0,0.0,0.0,0.0,t
877,707,Ground Pound,RSC Boston,2014-01-03 19:40:10.698665,V4,Bouldering,f,B,011,0,0,100,0.0,0.0,0.0,0.0,0.0,0.0,t
881,709,El Chupacabra,"Like, who set it, and where, and what for and how hard it is and what''s the general style, etc.
",2014-01-07 23:00:22.102001,5.10,Sport,f,B,011,0,0,100,0.0,0.0,0.0,0.0,0.0,0.0,t
882,721,El Chupacabra,"Like, who set it, and where, and what for and how hard it is and what''s the general style, etc.
",2014-02-15 06:20:15.753108,5.10,Sport,f,B,011,0,0,100,0.0,0.0,0.0,0.0,0.0,0.0,t
883,721,El Chupacabra,"Like, who set it, and where, and what for and how hard it is and what''s the general style, etc.
",2014-02-15 06:20:49.11978,5.10,Sport,f,B,011,0,0,100,0.0,0.0,0.0,0.0,0.0,0.0,t
884,721,"Variation on 882,883",,2014-02-15 06:21:58.416327,,,t,B,101,1,0,0,-13.0,-12.0,52.0,-16.0,-12.0,52.0,t
885,723,"Variation on 170,115",,2014-02-26 13:54:11.290944,,,t,B,101,0,0,100,-13.0,-12.0,52.0,-16.0,-13.5,52.0,t
886,723,Variation on 177,,2014-02-26 13:54:43.908238,,,t,B,101,0,0,100,-13.0,-12.0,52.0,-16.0,-13.5,52.0,t
887,723,"Variation on 177,692",,2014-02-26 13:55:36.202087,,,t,B,101,0,0,100,-13.0,-12.0,52.0,-16.0,-13.5,52.0,t
895,769,El Gato,"",2014-10-25 02:07:25.614186,5.10,TR,f,B,011,0,0,100,0.0,0.0,0.0,0.0,0.0,0.0,t
896,780,"Variation on 79,234,242",,2014-12-10 20:50:16.852316,,,t,B,101,1,0,0,-13.0,-12.0,52.0,-16.0,-12.0,52.0,t
897,786,El Chupacabra Again,"Like, who set it, and where, and what for and how hard it is and what''s the general style, etc.
",2014-12-25 17:19:01.113268,5.10,Sport,f,B,011,0,0,100,0.0,0.0,0.0,0.0,0.0,0.0,t
902,792,Variation on 377,,2015-01-04 20:57:59.743271,,,t,B,101,1,0,0,-13.0,-12.0,52.0,-16.0,-12.0,52.0,t
903,792,Variation on 902,,2015-01-04 20:58:30.349838,,,t,B,101,0,0,100,-13.0,-12.0,52.0,-16.0,-13.5,52.0,t
912,802,El Chupacabra,"Like, who set it, and where, and what for and how hard it is and what''s the general style, etc.
",2015-01-13 23:03:44.919121,5.10,Sport,f,B,011,0,0,100,0.0,0.0,0.0,0.0,0.0,0.0,t
913,802,Variation on 912,,2015-01-13 23:04:04.711263,,,t,B,101,1,0,0,-13.0,-12.0,52.0,-16.0,-12.0,52.0,t
914,803,bronco ledge,"Like, who set it, and where, and what for and how hard it is and what''s the general style, etc.
",2015-01-16 22:40:03.30276,5.7,Sport,f,B,011,0,0,100,0.0,0.0,0.0,0.0,0.0,0.0,t
915,803,bronco ledge,"Like, who set it, and where, and what for and how hard it is and what''s the general style, etc.
",2015-01-16 22:40:32.254663,5.7,Sport,f,B,011,0,0,100,0.0,0.0,0.0,0.0,0.0,0.0,t
916,807,Nice Try,"Going hard, but not too hard",2015-01-24 08:18:26.270287,5.12,TR,f,B,011,0,0,100,0.0,0.0,0.0,0.0,0.0,0.0,t
917,807,Variation on 916,,2015-01-24 08:18:42.576202,,,t,B,101,1,0,0,-13.0,-12.0,52.0,-16.0,-12.0,52.0,t
918,807,Variation on 916,,2015-01-24 08:19:13.224748,,,t,B,101,0,0,100,-13.0,-12.0,52.0,-16.0,-13.5,52.0,t
920,807,"Variation on 916,917",,2015-01-24 08:22:58.660375,,,t,B,101,1,0,100,-13.0,-12.0,52.0,-16.0,-13.5,52.0,t
921,807,"Variation on 916,917",,2015-01-24 08:23:24.180327,,,t,B,101,1,0,100,-13.0,-12.0,52.0,-16.0,-13.5,52.0,t
922,823,El Chupacabra,"Home wall, 45 degrees, input crimp pods to sloppy rails. small rounded foot jibs",2015-02-26 15:47:50.878817,5.11,Bouldering,f,B,011,0,0,100,0.0,0.0,0.0,0.0,0.0,0.0,t
923,823,Variation on 922,,2015-02-26 15:48:30.753608,,,t,B,101,1,0,0,-13.0,-12.0,52.0,-16.0,-12.0,52.0,t
924,823,Variation on 922,,2015-02-26 15:48:47.43108,,,t,B,101,0,0,100,-13.0,-12.0,52.0,-16.0,-13.5,52.0,t
925,826,El Chupacabra,"Like, who set it, and where, and what for and how hard it is and what''s the general style, etc.
",2015-03-06 19:34:36.730804,5.10,Sport,f,B,011,0,0,100,0.0,0.0,0.0,0.0,0.0,0.0,t
926,826,El Chupacabra,"Like, who set it, and where, and what for and how hard it is and what''s the general style, etc.
",2015-03-06 19:39:46.6456,5.10,Sport,f,B,011,0,0,100,0.0,0.0,0.0,0.0,0.0,0.0,t
930,848,El Chupacabra,"Like, who set it, and where, and what for and how hard it is and what''s the general style, etc.
",2015-05-22 01:19:03.876683,5.9,TR,f,B,011,0,0,100,0.0,0.0,0.0,0.0,0.0,0.0,t
931,849,Potato Wedges,"",2015-05-27 06:51:04.158123,v1,Bouldering,f,B,011,0,0,100,0.0,0.0,0.0,0.0,0.0,0.0,t
932,849,Variation on 931,,2015-05-27 06:51:27.952676,,,t,B,101,1,0,0,-13.0,-12.0,52.0,-16.0,-12.0,52.0,t
933,849,Variation on 931,,2015-05-27 06:51:56.507748,,,t,B,101,0,0,100,-13.0,-12.0,52.0,-16.0,-13.5,52.0,t
934,849,El Chupacabra,"Like, who set it, and where, and what for and how hard it is and what''s the general style, etc.
",2015-05-27 20:06:30.533273,5.10,Sport,f,B,011,0,0,100,0.0,0.0,0.0,0.0,0.0,0.0,t
935,849,Variation on 934,,2015-05-27 20:06:51.958978,,,t,B,101,0,0,100,-13.0,-12.0,52.0,-16.0,-13.5,52.0,t
936,849,Variation on 931,,2015-05-27 20:07:07.757187,,,t,B,101,0,0,100,-13.0,-12.0,52.0,-16.0,-13.5,52.0,t
937,849,"Variation on 931,934",,2015-05-27 20:07:13.227131,,,t,B,101,0,0,100,-13.0,-12.0,52.0,-16.0,-13.5,52.0,t
938,849,El Chupacabra,"Like, who set it, and where, and what for and how hard it is and what''s the general style, etc.
",2015-05-27 20:07:22.092355,5.10,Sport,f,B,011,0,0,100,0.0,0.0,0.0,0.0,0.0,0.0,t
939,850,Evasive Manuvers,"What
",2015-05-29 11:36:47.342973,5.10,Sport,f,B,011,0,0,100,0.0,0.0,0.0,0.0,0.0,0.0,t
945,852,Attack of the Slopers,"By Aaron Newton. Starts matched on slopey, unercling. Moves dependent on body tension and friction.
",2015-06-03 19:16:11.349971,V7,Bouldering,f,B,011,0,0,100,0.0,0.0,0.0,0.0,0.0,0.0,t
948,852,Variation on 945,,2015-06-03 19:20:00.232685,,,t,B,101,1,0,0,-13.0,-12.0,52.0,-16.0,-12.0,52.0,t
949,852,Variation on 945,,2015-06-03 19:20:14.21567,,,t,B,101,1,0,0,-13.0,-12.0,52.0,-16.0,-12.0,52.0,t
950,856,Little Miss Sunshine,testing,2015-06-30 01:46:08.792003,5.7,Sport,f,B,011,0,0,100,0.0,0.0,0.0,0.0,0.0,0.0,t
951,856,Variation on 950,,2015-06-30 01:46:39.502552,,,t,B,101,1,0,0,-13.0,-12.0,52.0,-16.0,-12.0,52.0,t
952,856,Variation on 950,,2015-06-30 01:46:51.752718,,,t,B,101,1,0,0,-13.0,-12.0,52.0,-16.0,-12.0,52.0,t
953,856,Little Miss Sunshine,testing,2015-06-30 01:49:49.463603,5.7,Sport,f,B,011,0,0,100,0.0,0.0,0.0,0.0,0.0,0.0,t
958,897,"Variation on 1,2,5,6",,2016-01-24 11:00:43.378135,,,t,B,101,1,0,0,-13.0,-12.0,52.0,-16.0,-12.0,52.0,t
956,897,"Variation on 332,380",,2016-01-24 01:35:08.401794,,,t,B,101,1,0,0,-13.0,-12.0,52.0,-16.0,-12.0,52.0,t
957,897,"Variation on 332,380,744,805,811,816,822",,2016-01-24 01:53:05.016328,,,t,B,101,1,0,0,-13.0,-12.0,52.0,-16.0,-12.0,52.0,t
959,897,"Variation on 1,2,5,6",,2016-01-24 11:01:11.272521,,,t,B,101,1,0,0,-13.0,-12.0,52.0,-16.0,-12.0,52.0,t
960,660,Variation on 384,,2016-01-26 21:22:49.079504,,,t,B,101,0,0,100,-13.0,-12.0,52.0,-16.0,-13.5,52.0,t
961,660,"Variation on 384,414",,2016-01-26 21:23:04.082594,,,t,B,101,0,0,100,-13.0,-12.0,52.0,-16.0,-13.5,52.0,t
962,660,"Variation on 384,414",,2016-01-26 21:23:45.688395,,,t,B,101,1,0,0,-13.0,-12.0,52.0,-16.0,-12.0,52.0,t
963,660,Variation on 584,,2016-01-27 04:46:30.35984,,,t,B,101,0,0,100,-13.0,-12.0,52.0,-16.0,-13.5,52.0,t
964,660,"Variation on 584,585",,2016-01-27 04:46:55.970437,,,t,B,101,0,0,100,-13.0,-12.0,52.0,-16.0,-13.5,52.0,t
965,660,does this thing work?>??,hello????,2016-01-27 05:56:57.384616,5.10,Bouldering,f,B,011,0,0,100,0.0,0.0,0.0,0.0,0.0,0.0,t
966,660,Variation on 965,,2016-01-27 05:57:53.550772,,,t,B,101,1,0,0,-13.0,-12.0,52.0,-16.0,-12.0,52.0,t
967,660,Variation on 965,,2016-01-27 05:58:39.650991,,,t,B,101,0,0,100,-13.0,-12.0,52.0,-16.0,-13.5,52.0,t
968,660,Variation on 965,,2016-01-27 06:06:35.578681,,,t,B,101,1,0,0,-13.0,-12.0,52.0,-16.0,-12.0,52.0,t
969,660,"Variation on 965,597,629",,2016-01-27 06:11:56.599146,,,t,B,101,1,0,0,-13.0,-12.0,52.0,-16.0,-12.0,52.0,t
970,660,"Variation on 597,629",,2016-01-27 06:12:09.361929,,,t,B,101,0,0,100,-13.0,-12.0,52.0,-16.0,-13.5,52.0,t
971,660,"Variation on 597,629",,2016-01-27 06:12:56.882049,,,t,B,110,0,0,100,-13.0,-12.0,52.0,-16.0,-13.5,52.0,t
972,898,Variation on 965,,2016-01-27 06:19:05.056819,,,t,B,101,1,0,0,-13.0,-12.0,52.0,-16.0,-12.0,52.0,t
973,898,Variation on 965,,2016-01-27 06:19:18.84691,,,t,D,101,1,0,0,-13.0,-12.0,52.0,-16.0,-12.0,52.0,t
974,898,Variation on 965,,2016-01-27 06:20:39.618188,,,t,D,101,1,0,0,-13.0,-12.0,52.0,-18.0,-10.0,50.0,t
975,898,test from doc,"Problem 13 from the CU&#8722;hosted RMR CCS Climbing Competition in March , 2009.
A few large moves between moderate
crimps and slopers with thin/smeared
feet on a vertical wall. Set by Thomas Wong. Intermediate Difficulty .",2016-01-27 06:25:19.620052,5.10,Sport,f,B,011,0,0,100,0.0,0.0,0.0,0.0,0.0,0.0,t
976,660,Variation on 641,,2016-01-27 06:27:53.900614,,,t,B,110,0,0,100,-13.0,-12.0,52.0,-16.0,-13.5,52.0,t
979,660,"Variation on 597,641",,2016-01-27 06:28:40.938884,,,t,B,110,0,0,100,-13.0,-12.0,52.0,-16.0,-13.5,52.0,t
988,898,Variation on 975,,2016-01-27 06:44:44.918361,,,t,B,101,1,0,1,-13.0,-12.0,52.0,-16.0,-12.0,52.0,t
989,898,Variation on 975,,2016-01-27 06:44:55.302235,,,t,B,101,1,0,3,-13.0,-12.0,52.0,-16.0,-12.0,52.0,t
990,898,Variation on 975,,2016-01-27 06:47:35.622011,,,t,B,101,1,0,3,-12.0,-12.0,12.0,-16.0,-12.0,52.0,t
991,898,Variation on 1,,2016-01-27 06:50:12.60066,,,t,B,101,1,0,0,-13.0,-12.0,52.0,-16.0,-12.0,52.0,t
992,898,"Variation on 975,1",,2016-01-27 06:50:18.123078,,,t,B,101,1,0,0,-13.0,-12.0,52.0,-16.0,-12.0,52.0,t
993,898,Variation on 1,,2016-01-27 06:50:26.970329,,,t,B,101,0,0,100,-13.0,-12.0,52.0,-16.0,-13.5,52.0,t
994,898,Variation on 1,,2016-01-27 06:51:04.196158,,,t,B,101,1,0,2,-13.0,-12.0,52.0,-16.0,-12.0,52.0,t
995,898,"Variation on 1,2",,2016-01-27 06:51:07.943269,,,t,B,101,1,0,2,-13.0,-12.0,52.0,-16.0,-12.0,52.0,t
996,898,"Variation on 1,2",,2016-01-27 06:51:33.460239,,,t,B,101,1,0,2,-13.0,-12.0,52.0,-16.0,-12.0,52.0,t
997,898,"Variation on 5,6",,2016-01-27 07:03:36.539944,,,t,B,101,1,0,0,-13.0,-12.0,52.0,-16.0,-12.0,52.0,t
1000,917,El Chupacabra,"Like, who set it, and where, and what for and how hard it is and what''s the general style, etc.
",2016-04-01 23:06:27.878281,5.10,Sport,f,B,011,0,0,100,0.0,0.0,0.0,0.0,0.0,0.0,t
1001,917,El Chupacabra,"Like, who set it, and where, and what for and how hard it is and what''s the general style, etc.
",2016-04-02 19:38:15.78822,5.10,Sport,f,B,011,0,0,100,0.0,0.0,0.0,0.0,0.0,0.0,t
1002,946,El Chupacabra,"Like, who set it, and where, and what for and how hard it is and what''s the general style, etc.
",2016-07-04 03:27:11.204983,5.13,TR,f,B,011,0,0,100,0.0,0.0,0.0,0.0,0.0,0.0,t
1003,946,El Chupacabra,"Like, who set it, and where, and what for and how hard it is and what''s the general style, etc.
",2016-07-04 03:27:37.627644,5.13,TR,f,B,011,0,0,100,0.0,0.0,0.0,0.0,0.0,0.0,t
1007,963,El Chupacabra,"Like, who set it, and where, and what for and how hard it is and what''''s the general style, etc.

",2016-11-17 07:40:18.238388,5.10,Sport,f,B,011,0,0,100,0.0,0.0,0.0,0.0,0.0,0.0,t
1010,964,Variation on 149,,2016-11-21 17:23:16.272625,,,t,D,101,1,0,0,-13.0,-12.0,52.0,-16.0,-12.0,52.0,t
1011,968,El Chupacabra,"Like, who set it, and where, and what for and how hard it is and what''s the general style, etc.
",2016-12-20 03:46:18.293592,5.10,Sport,f,B,011,0,0,100,0.0,0.0,0.0,0.0,0.0,0.0,t
1012,970,El Chupacabra,"Like, who set it, and where, and what for and how hard it is and what''s the general style, etc.
",2017-01-08 20:48:03.698491,5.12,Bouldering,f,B,011,0,0,100,0.0,0.0,0.0,0.0,0.0,0.0,t
